카페명,분류,주소,별점,별점페이지,별점갯수,리뷰
휘닉스제주,"콘도,리조트",제주특별자치도 서귀포시 성산읍 섭지코지로 107,3.8,https://place.map.kakao.com/8177478#comment,54,"[[5, '바다뷰는 아니었지만 바로 앞에 섭지코지로 산책 나가기가 너무 좋아요\n새벽바람이 너무나 상쾌 했고 산뜻한 기분이 들었어요\n그리고 조식이 특히 맛있었어요.'], [5, '연식이 오래되어 시설이 노후된 부분은 있지만 잘 묵었습니다. 3대가족이 다녀왔는데 참 만족스러웠네요. 수영장 입장 제한횟수가 없어서 원없이 이용하였고, 주변 경관이 매우 좋았습니다. 모들카페에서 대여할수 있는 카트도 좋았구요~'], [1, '지금까지 묵어본 숙소중 손꼽히는 최악의 곳으로 다시는 가고 싶지 않음\n대기시간땜에 별수없이 레드동에 묶었는데. 여기는 코로나시절 비워뒀는지 모르겠으나 관리상 매우 심각한 문제 노출함\n\n1) 방에 벌레가 많은 것은 애교수준임\n2) 커텐봉이 떨어져 밑에 있던 사람들 다칠뻔함\n3) 커텐봉 관련하여 얘기하려고 전화하려니 방안 전화기는\n    불통임\n4) 수영장 이용하려고 여기로 왔고. 수영땜에 수속 대기시간 \n    줄이려고 레드동을 선택했으나 방안 문제점 정리하느라 \n    결국 수영은 더 못하게 됨\n5) 조식 부폐는 3류 수준. 이따위 음식을 3만원 넘게 주고 \n    먹을 줄은 입장하기 전까지 몰랐음\n6) 주차공간도 협소하여 주차할 곳 찾기도 어려움\n7) 이런 점에 대해 얘기하니 마지 못해 죄송하다고 말할뿐\n     솔직히 진정성은 1도 느껴지지 않음\n8) 삼성가에서 운영하는 곳이 이정도라는 점이 더 놀라게함\n\n\n여기 투숙하여 시간 낭비 돈낭비 무엇보다 기분 낭비\n재방문 의사 1도 없음'], [4, '좋아요 1층이었는데 무당벌레 크기의 까만 벌레 10마리는 잡은것같다는게 좀 함정..ㅠㅠ'], [5, '로비는 오렌지동에 있고 건너편에 블루동이 있다. 블루동은 내부 개선공사가 되어서 좋았다. 실외수영장도 블루동에 있어서 애랑 다니기 편했다. 다만 뷰는 오렌지동에 더 좋은 것 같다. '], [1, '로얄스위트 1층 룸에서 보낸  2박3일\n리조트 위치,뷰 5점\n룸 뷰 0점(1층 이라 파킹뷰 ㅋ)\n부대시설 3점\n그 외컨디션 0점\n폭우소리보다 큰 하수도 물 내려가는소리\n오래된 리조트라서 그런가 내구성이 많이 취약함\n'], [5, '아기랑 오면 너무 좋은 곳입니다&hellip;^^'], [5, '입실하자마자 커튼 열면 나오는 감탄~\n뷰만 하루종일 쳐다봐도 지겹지 않은 곳이에요.\n거실에서, 방에서, 욕실에서 바라보는 뷰만으로도 힐링~^^'], [4, '생각보다 시설은 낡았지만 내부는 깔끔합니다.'], [1, '뷰는 복불복이라 뷰 기대하실거면 다른 숙소 알아보시길\n문의하니 300개 중에 10호만 바다뷰라고 하네요\n주차 최악 그냥 빈자리가 제로라고 보시면됨\n건물은 낡았고 수압은 낮아서 샤워도 힘듬  걍 메리어트 신화 가시길'], [4, '낡긴 했지만 그 외엔 무난하네요.'], [4, ''], [5, ''], [1, '신혼여행으로 갔는데 최악이네요. 벽지는 너덜너덜  외부도 녹쓸고 지저분하고 방 온도 최대로 해도  춥고  외풍이  불고 직원들 정문 차량  통재도  안해서 짐내리는 것도 힘들고 직원이  구경만하고 차라리 신화월드가 같은 가격에 훨씬 좋네요. 건물 수리나 리모델링 좀  하거나 싸게 하세요. 최악최악!!'], [1, '11월 11일 이용했는데 1박에 30만원이 넘는데 방이 추워서 감기 걸렸네요. 벽지 뜯어져 있고 외풍이 심하고 난방 최대로 해도 따뜻하지도 않고 최악의 숙소였습니다. 주차공간도 부족해서 불편하네요.샤워하는데 물 수압도 낮았어요. 여행 가시는 분들 꼭 참고하세요.'], [5, '2박3일\n질놀다 왔습니다. \n어메니티가 조금 부실하다는 것 빼고는 다 좋습니다. '], [2, '음&hellip; 가족리조트라서 이런거지..?'], [1, '여기 직원분들쉬는곳 쓰레기 모아놓은곳예요\n더운데 에어컨도없고, ..  \n산책하다가 우연찮게보고 많이 놀랐어요\n우리문화성숙도가 참..\n'], [2, '프런트에 남자 직원 2명 있는데 전화 안 받음\n급한 문의하려고 전화해도 안 받아서 프런트 가면서 계속 전화했음 가서 보니까 신호 가는데도 2명 다 안 받고 있음. 프런트에 갈 수 있으니 다행이지 멀리서 전화하는 경우 문의해야 하는데 안 받으면 어떡함? 한명은 간혹 오는 손님 응대해도 한명은 전화 받아야 하는거 아님? 프런트 직원들 때문에 휘닉스 이미지 ㄴㄴ'], [5, '내부는 다소 낡았지만 대명리조트와 비교하면 천상계 ㅎㅎㅎ 섭지코지에 자리잡았다는 사실이 모든 단점을 커버하고도 남아요. '], [5, '최고의 숙소,,\n섭지코지가 바로 보이는 제 인생 최고의 숙소였습니다'], [4, '가족끼리 가기 좋은 곳 (뜨거운물 안나옴ㅠ)\n시설 자체는 쏘쏘인데 섭지코지 즐기기 좋음'], [4, ''], [3, '위치는 좋은데 층간소음 대박 ㅠㅋㅋ \n(가족단위를 위한 리조트인데 ㅋㅋㅋ 지옥의 층간소음을 경험하네요 ㅋㅋㅋ 위에 애들이 엄청 뛰는건가 ㅋㅋㅋ 난리남)\n예민하신 분들은 제일 위층 끝방 쓰시던지 하세요... \n근데 그렇게 되면 은근 비싸짐 ㅠ \n방은 크고 좋은데 시설은 좀 낙후되었어요~\n샤워기에 물자국(물때)가 있어서 관리가 안되는건가 아쉬웠음 ㅠ (이건 청소에 최선을 다하지 않는다는 증거인디ㅜㅠㅋ)\n그래도 난방은 괜찮은 편이고 물도 따뜻하게 잘나와요 ㅋ\n\n아! 평일인데 주차 자리가 없네요 ㅠ ㅋㅋㅋ\n\n* 추가 1\n위층 10시 이후에도 시끄러워서 프론트에 전화하니 위층에 한번 전화주기로하고 11시까지 계속 시끄러우면 다른 방으로 바꿔주기로 함/ 전화 후 바로 위층 조용해짐 ㅡ ㅇ ㅡ...아...ㅋㅋㅋ\n\n///\n옆방 방은 잘 안되네요 ㅋㅋ 그나마 끝방이라 다행ㅠ 끝쪽으로 자야겠어요 ㅎ\n\n* 추가 2\n조식 생각보다 괜찮음!'], [3, '근처 섭지코지로 가는길이나 경치,침대는 좋치만 그외 시설이 너무 낙후되어있음.\n티비도 넷플릭스나 유투브가 안나오는 구식이였음'], [4, '침대랑 경치는 좋지만 새벽에 뜨거운 물이 안 나오고 조식은 거의 다 맛없다\n달걀이 제일 맛있음 무슨 콩 빵이랑'], [5, ''], [1, '15,000원짜리 사우나인데 관리가 너무 안되는 것 아닌가...동영상으로 올리고싶은데 방법이없는게 안타깝네...몸을 담궈야하는 탕에서 물때가 시커멓게 나온다는거는 한번도 안닦았다고밖에 말이안된다..진짜  조올라 여얼라 더럽다.. 드라이기랑 선풍기도 전기세가 아까운지 아예 켜지지도 않고 옷을벗고 씻는 사우나 자체가 너무 추워서 덜덜덜 떨면서 씻었다.. 돈은 더럽게 비싸게 받고 서비스 완전 거지같은 곳.....  가지마세요'], [5, '방도 따듯하고 조식도 맛있어요. 코로나라 특별히 이용할 만한 건 없었지만 편안히 쉬었어요. 다만 조식 이틀 연속 먹는 건 비추입니다. 이틀 내내 두 가지 요리빼고 다 똑같은 메뉴였어요. 우동이 국수가 된 거랑 국 바뀐 것 외에.. 다 동일.'], [1, '직원들 교육 좀 시켜야겠어요. 자기들끼리만 엄청 바쁘고, 고객에게는 관심이 없네요. 그럴것이면 문을 닫고 업무하세요.'], [4, '좋아요! 밥도 맛나고 수영장도 좋고 주변환경도 좋고. 그런데 리모델링이 필요해 보여요~ 그럼 가격 오르려나?'], [3, '1-2달 내에 제주도 여행가려고 알아보니 대형 리조트 호텔들 끼리 가격 올리기로 결정했는지 비수기 코로나 인데도 가격이 30% 이상 뛰었네요. 여긴 금년 5월말에 갔는데 이보다 훨쌌었어요.. 현재 이가격은 여름 극 성수기 가격대인데....'], [5, '이번 태풍왔을때.... 저희를 구출해주신 소중한곳입니다 넘넘 감사했어요 비바람 몰아쳐서 난민처럼 있었을때 저희에게 수건 주시고 해주신 직원분... 저희에게 잠자리를 제공해주신 넘 따뜻했던 여직원분 정말정말 감사했어요 최악의 날이 될뻔했는데... 넘넘 감사했습니다'], [5, '너무 예쁘고 깔끔한 맛입니다^^ '], [4, '좋음 와이파이는 복불복...'], [5, '넘 좋다'], [4, '수영장 못 들어감 ㅠㅠ'], [4, '시설 좋음. 섭지코지 뷰 예술. 가격이 좀 비쌀 뿐..'], [5, '섭지코지랑 셋트에요'], [5, '부모님과 함께가서 넓은 투룸에서 여유있게 쉬고왔어요  일부러 찾아가는 관광지인데 그안에서 묵으니까 산책길도 좋았고 기분좋게 휴식하고 왔네요 아이는 키즈카페에서 신나게 놀았구요 프로그램도 즐겁게 참여했습니다 리조트에서 만난 직원분들도 모두 친절하셨어요'], [5, '우도나 성산일출봉 갈 필요를 못느낀 정말 아름다운 추억이었습니다. 숙소가 건물도 좋은데 주변 조경 경치도 이보다 더 좋을순 없겠더군요. 건물이 아주 새거는 아니지만 비교적 최근건물로 노출콘크리트의 강점을 잘드러냈고 내부도 마루바닥에 깔끔하고 정말좋았어요. 누가 난방하고 따뜻한물이 잘안된다고 해서 걱정했는데 남자라서 그런지 난방으로 오히려 넘 더웠고 따뜻한물 잘나오던데...무엇보다 오렌지동에서 카트로 민트레스토랑 가는곳에 예쁜등대와 바닷가는 정말 이곳이 제주도인가싶을 정도로 아름다워요. 이곳에 숙식한다면 오렌지동 뒤 등대가는길을 꼭 둘러보시기 바래요. 16만원 이가격에 화장실2개 34평형 방에서 조식부페도 잘먹고 수영장포함 잘쉬고 갑니다. 담엔 부모님이나 친구부부동반으로 꼭 다시 오고 싶네요.'], [3, '숙소 청결은 나쁘지 않았어요. 직원분들도 친절하셨구요. \n그치만 바닥 온돌 난방이 잘 되지않아 춥게 잤고, 아침에 따뜻한 물이 안나와 이른새벽부터 직원을 불렀는데 건물이 오래되서 가끔 이런일이 있다고 하더라구요...30분을 기다려서 씻었네요..ㅠ 다음엔 이돈주고 여기 안올것 같아요ㅠㅠ'], [5, '숙소는 연식은 좀있지만 수영장 온수풀이나 조식등은 더 좋아지는것같네요\n조식으로 나오는 고기국수가 쵝오'], [5, '새로 리뉴얼해 깔끔했고, 근처에 미술관과 레스토랑이 있어 매우 좋았어요. 무엇보다 섭지코지를 편하게 즐길수 있어 좋았습니다'], [5, '조금 오래되어 보이지만 위치가 좋습니다.\n나가면 바로 섭지코지!!\n깨끗하고 편안합니다.\n그리고 조식이 맛있습니다.\n제주도 동쪽을 둘러보실 생각이시면 추천합니다.'], [5, '조식 고기국수 맛있음\n섭지 산책만 해도 힐링됨\n숙소에만 있어도 좋아요'], [5, '뷰 진짜좋아요. 넓은 산책로 등 가족단위로는 최고의 리조트입니다']]"
한화리조트 제주,"콘도,리조트",제주특별자치도 제주시 명림로 575-107,3.8,https://place.map.kakao.com/8016361#comment,36,"[[1, '오래된건 이해 합니다.\n알고 왔으니깐요.\n그런데 청결은 정말 최악입니다.\n욕실에 여기저기 붙어 있는 머리카락과 곰팡이들...\n룸이 없어서 온돌룸으로 했는데 이불 깔자마자 이불에 바닦에 있던 검은 먼지가....이휴'], [5, ''], [5, ''], [5, '이 가격에 이 정도 리조트 괜찮은 것 같아요! 딱히 오래됐다는 느낌도 못받았고 뷰가 좋았습니다\n다음엔 미리 예약해서 플라자cc 나인홀 이용해보고 싶어요'], [5, ''], [3, '룸 옛날리조트 느낌 무난함. 편의시설은 매우 깔끔하다.\n콘센트가 안되는 곳이 있음 첨엔 되다가 꺼져서 여행와서 사진 찍어야되는데 매우 고생함..\n조식 맛의 밸런스가 좋다 졸려서 먹기 싫었는데 눈이 번뜩 뜨임'], [4, ''], [5, ''], [3, '객실이 무난합니다\n위치는 내륙 높은 산에 있어 도착하는데 시간이 조금 많이 소요됩니다 리조트 내부시설말고는 갈 곳이 딱히 없다는 것은 상당히 아쉽습니다 다만 리조트 자체는 무난하고 주변이 나름 이쁘게 꾸며져있습니다 \n내부시설은 서관에 집중되어있었습니다'], [3, '처음에 들어갔을 때 화장실에서 곰팡이 냄새같은거 폴폴나는거 빼고는 다 좋았음. 몇 시간 환기시키니까 냄새는 빠지긴 빠지더라고요ㅜ 그가 빼고는 완전만족'], [5, '중간정도.\n\n깔끔해요'], [1, '방음 뒤지게 안됨. 특히 의자, 테이블 끄는 소리에 미쳐버림. 최소한 의자 밑바닥 커버라도 해놓지, 기본 물 등도 없고 겉만 번지르하고 퀄리티는 모텔 혹은 그 이하 급. 차라리 반값짜리 호텔가는게 훨 남'], [4, '다 좋았는데 창문열면 앞에엤는 사람들로 시끄러움 ㅠㅠㅠㅠㅠ'], [2, '나쁜평쓰는걸 미덕으로 여기지 않는다 할지라도 할말은 해야합니다. 그래야 피해보는사람이 조금이나마 덜생깁니다. \n\n조식 내가 먹어본 조식중에 최저퀄리티. 가격 생각해보면 정말 이건아닌거같아요.\n&ldquo;우리는 앉아서 돈벌거니까 느그들은 돈내~&rdquo; 라고 말만 안했지, 딱 그럴정도로, 돈주고 먹는사람이 바보인것같아요. 바보되고갑니다. 이돈으로 나가서 1인 1머릿고기 가능'], [5, '산속에서 좋은공기 새소리 너무 힐링되네요..\n시설도 깔끔하고..직원들도 친절하세요~\n'], [5, '조용하고 분위기 좋고 아침 조식도 맛있습니다~!!'], [2, '장점: 뷰가 좋고 조식도 맛있어요. 조용해요. 사려니 숲이랑 가까워서 편리해요. \n\n단점: 디럭스 룸 화장실의 하수구 냄새 진짜 심해요. 댓글보니 2019년부터 이 문제가 있었던데 관리가 시급해 보입니다. 그리고 각방에 생수가 없어요. 따로 한화리조트 앱을 설치해야 프런트에서 생수 2병 주셨어요. 여기보다 저렴한데도 생수 2병 정도는 주셨는데 여기는 앱을 설치해야하는게 조금 불편했어요. \n\n하수구 문제는 꼭 좀 개선해줬으면 좋겠네요. '], [1, '리조트 전체에서 쓰레기 냄새남\n방 안에도 하수구에서 냄새\n절대 오지 마세요. ㅠㅠㅠ'], [4, ''], [4, '산 중턱쯤에 위치\n옛날 리조트 느낌이나 관리는 잘 되고 있는 편'], [4, '오래되고 낡았던 곳이였는데 내부를 새로 리뉴얼해서 많이 깔끔하고 모던한 분위기로 탈바꿈됨.\n스위트룸은 작은 방도 하나 더 있고 넓운데다 로비와 가까워서 더 좋은 듯.\n건물 뒷편에 작은 산책길이 있어 특히 야간에 걷기 좋다.'], [5, '서비스 응대 태도가 진짜 좋습니다 '], [5, ''], [5, ''], [4, '숙소는 조금 오래된 느낌이 납니다.\n하지만 실내는 깨끗합니다.\n직원분들도 너무 친절하고 특히 청소하시는 분들 너무 친절합니다.\n단점은 냉장고 조금작고 사람이 많이오다보니 주차공간이 부족한거 말고는 없었습니다.\n'], [3, '글세요. 몬가 넘 옛날 아파트 느낌나요\n안갈듯..\n안에.오락실 같은데 있고 선물살데는 있고 인프라가 조음'], [5, '디럭스 25평 침대+침대 좋았어요 경치도 좋고 주변에 갈데도 많고..추천합니다'], [5, '테라피센터 진짜 좋아요! 강츄..... 그리고 리조트 내 회센터 정말 맛있음 존맛탱천'], [5, '깨끗한 공기와 주변 환경이 숲에 둘러싸인 경관이 아주 좋았습니다. 자체가 평화로웠습니다.'], [5, ''], [5, '가성비 갑이었네요\n위치두 좋구 주변 경관도 좋구 조식이랑 사우나까지 패키지로 알뜰살뜰 이용 잘했네요\n가족들끼리는 확실히 리조트가 좋은것 같아요'], [3, '부대시설이 좋아요.\n사우나도 괜찮고, \n식당 조식 추천합니다.\n딱히 단점 없는곳.\n아 하나 생각났다. 방음 전혀 언됨.\n화장실에서 누가 방구뀌고 똥써길래 뭐지? 했는데 위층이였음 소오오오름.\n아 또하나. 싱크대에서 썩은 냄세 진동합니다. 이건 다른 글도 많네요. 필참하세요.'], [2, '방이나 제반 시설은 그런대로 만족했습니다. 다만 화장실에서 하수구 썩는 냄새가 너무 너무 심해서 화장실 이용할때마다 숨을 참아야할정도였어요. 환풍기를 아무리 돌려도 무용지물!! 개선이 시급해보입니다.'], [5, '산책로도 좋고..혹시 백록담 가시려면 위치 좋습니다\n괜찮았어요. 시설 좋고요'], [1, '학교 단체로 수학여행 왔는데 방배정이 잘못됐다고 마지막 날에 각 반에 방하나씩 줄여서 9명이서 한방에 지내게 되고 청소도 안되어있어서 첫날에 갔을 때 싱크대배수구에 생선대가리가 그대로 들어있었다하네요 학교단체라고 만만하게 보시는 겁니까'], [4, '2박3일 1박2일처럼 보내기']]"
소노벨제주 신관,"콘도,리조트",제주특별자치도 제주시 조천읍 신북로 577,3.5,https://place.map.kakao.com/27446161#comment,2,"[[2, '침구류 등이 불편\n'], [5, '신관']]"
켄싱턴리조트 제주중문,"콘도,리조트",제주특별자치도 서귀포시 중문관광로72번길 29-29,4.0,https://place.map.kakao.com/796916033#comment,9,"[[3, ''], [4, '여행 둘째날에 켄싱턴 한림에서 중문으로 넘어왔어요. \n\n-서비스-\n시설은 한림보다 훨씬 깨끗하고 좋지만, 서비스는 꽝이네요. 연휴라 기존 직원분들 집에 보내고 알바쓰시나? 생각 들었어요. 남자직원분 한 분이 호텔에 대해서도 잘 모르고, 정확하지 않은 정보를 고객에게 전달하고, 말도 이렇게 했다가, 저렇게 했다가 바꾸는데 정말 정신 나가는줄 알았습니다&hellip; 다른 직원분들은 친절하신 것 보면 소수의 인원이 전체적인 서비스 만족도를 심하게 떨어트리는 것 같네요. 이 부분 관리 필요 할 것 같습니다.\n\n-조식-\n조식은 생각보다 음식들이 따뜻하지 않았고, 가짓수도 많지 않지만 가격에 비하면 괜찮다고 생각했습니다. \n다만, 테이블 위의 소금/후추가 잘 안나와서 열어보니 내용물이 다 굳어있고, 소금 뚜껑 구멍이 막혀있고, 녹이 슬어있더라고요.. 관리가 안 되는 것 같습니다. 조금 많이 찝찝했습니다. 외적인 부분 말고도 이런 부분도 신경써주시면 좋을 것 같아요. \n\n-객실환경-\n더블배드 2개 + 욕조\n한림에서 중문으로 넘어온 가장 큰 이유가 욕조였어요. 날이 추워져 반신욕이 필요했거든요. 욕조가 있어서 만족스러웠고, 물도 아주 깨끗했습니다. 다만 객실에 난방이 안 돼서 잘 때 조금 추웠어요. \n그리고 홀수방이 조금 더 크고 벤치소파도 있더라고요, 짝수방은 사이즈가 조금 더 작고 벤치소파는 없습니다. 참고하셔서 홀수방으로 달라고 하시면 좋을 것 같아요. \n제가 묵은 방은 가장 앞쪽에 있는 방이라 로비에서 흘러나오는 노랫소리와 사람들 이야기 소리, 조식 준비하는 소리가 들려서 수면에 너무 방해가 됐어요. 되도록이면 안쪽 방으로 요청하는게 좋을 듯 합니다.\n\n-리조트환경-\n주변에 해변산책로가 있어서 아주 편리해요.\n외부에 벤치나 테이블도 있어서 날씨만 괜찮다면 밖에서 간단하게 식사하기에도 좋습니다. \n로비가 크고 넓어서 아주 좋고, 오며 가며 쉴 수 있어서 참 편리했어요. \n다만 엘레베이터가 없어서 짐이 많으시면 로비 층으로 배정 해달라고 하셔야 할거에요. \n'], [4, '방음 안되니까 늦은밤 떠들지들 마세요~'], [5, '오늘체크인했어요. 한국콘도 이어서 리뉴얼해서 켄싱턴에서 호텔식리조트로 운영하는 것 같아요. 간단한 취사할 수 있게 깨끗한 식기와 인덕션 구비되어있고, 냉장고 전자렌지 커피머신도 있습니다. \n방도 정말 넓고 쾌적합니다. 오션뷰도 맘에들고 해변도 가까워서 좋네요 다음에 또 이용할 거 같아요. '], [1, ''], [5, '사과빵 냠냠굿\n3층객실이었는데 로비가 3층이어서 짐옮기기 편했고, 뷰도 최고였음'], [4, '새로 지어져서 시설은 매우 깨끗합니다. 오션뷰도 전반적으로 만족하고 밑에분도 말씀해주셨듯 2층올라가는데 짐 많으신분들은 살짝 불편하실것 같습니다. \n1박 했는데 4인가족방인데 수건더 안주고 물 2병제공에 정수기없고 사먹는점이 좀 아쉬웠습니다. \n조식은 빵보다 한식이 더 맛있엇네요. 그냥저냥 먹을만 합니다. 1층에 빵집이 있는데 거기서 빵가지규 왔으면 더 좋앗을것 같네요. '], [5, '리모델링을 잘 한듯 하고요. 조식은 뭐 별거 없어요~ 전객실 오션뷰 이나 2층객실이 훨씬 뷰가 좋아요. 엘베가 없는 2층건물이니 짐 많으시면 1층을 짐 별로 없으시면 2층을 추천합니다'], [5, '8월 3일 묵었습니다. 일단 뷰가 최곱니다. 보니까 리모델링 한 객실 다 바다뷰인데 가격도 동일해서 좋았어요. 욕조부터 침대 조리도구까지 다 새거라서 좋았구여. 로비에 프랑 무슨 빵집 있는데 거기도 바다뷰였어욬ㅋㅋㅋ / 리오픈해서 조금 어수선하긴한데, 그래서인지 다들 되게 잘해주려고 하고 친절하게 해주셔서 되게 기분 좋았어용! 수영장이 이제야 오픈한 건 슬픔 ㅜ 어쨌든 비싸다는 중문에서 가성비는 갑임']]"
더큐브리조트 제주,"콘도,리조트",제주특별자치도 서귀포시 솔오름로105번길 24,3.8,https://place.map.kakao.com/230486137#comment,47,"[[4, '가성비를  생각하면 강추!\n청결은 별 5개중  3.5정도\n조식도 3.5정도\n아주 빠지지 않는  그래서 추천하면 욕은 안먹을만한 리조트다'], [5, '가성비 최고의 리조트입니다. 아이들과 머물기에 룸도 크고 조식도 괜찮았어요!'], [5, '깔끔하고 넓어서 좋아요 :)\n2번째 방문이에요'], [5, '가성비의 끝판왕 더큐브리조트!\n어차피 제주여행하면 바다는 많이 볼테니\n오션뷰는 아니지만 방도크고 무척 깔끔합니다.\n가격도 1박 6만원대 실화냐..\n'], [4, '가성비 괜찮아요 \n조식도 가격대비 괜찮구요'], [5, '룸 컨디션은 가격대비 너무 좋았는데 주변 경관이 좀 무서웠어요\n'], [1, '주위 폐건물 흉함.\n아무것도 없음.'], [1, '절대가지마세요..100%후회합니다'], [1, '별 1개도 아깝다..\n절대 이용하지 마세요..\n여행 다 망칩니다..\n허위광고로 올려놓고 체크인시 추가결제 요청함\n소중한 여행 망치지 마시고 다른곳 알아보세요~'], [3, '가격은 괜찮고 한데 뭔가 짓다만 건물이 있어서 을씨년스러워요'], [5, '복도식이라는 단점외에는 최고의 숙소'], [3, '사진보다 넓어요~시설도 큼지막 하고, 가성비 좋은데, 매트리스가 넘 안좋아요,,'], [4, '가격 생각하면 만족스러워요 하지만 다음에는 난타호텔 묵으려구요ㅋㅋㅋ'], [5, '제주 여행에 꼭 1박은 이곳에서 하게되네요!\n저는 숙소에서 많은 시간을 보내진 않아서 깔끔한 곳을 선호하는데 갈때마다 잘 정돈되어 있는 느낌을 받아요:)\n방 크기도 크고 좋습니다! 추천해요!'], [5, '예약할때 룸 컨디션 신경써달라고 남겼는데 걱정과 달리 매우 좋았어요\n그리고 꼭 다들 그랜드디럭스스튜디오로 하셨으면 좋겠어요 짱입니다.... 조식도 기대 이상으로 괜찮아서 점심시간 지나서도 든든했어요\n다음번에 서귀포에 간다면 또 여기서 머물거예요'], [1, '별 하나도 아까움~~~~~~~\n주변에 아무것도 없고...... 객실만 깨끗한 느낌......  객실 안에 아무것도 없음... 숟가락 젓가락 등등 돈내고 빌림.... 수건도 돈 내야 받음.... 좋은 점 ?.....편의점이 안에 있다는거?......근데 편의점도 없으면.....여기에선 잠만 자고 가야 하는 곳......여튼 편의점에서 라면 하나 사야 라면 하나에 나무 젓가락 하나 주는게..... 나참.....정말 정말 쒸레기~~~부대 시설  헬스장 하나.....침대 티비 끝....... 객실에 정말 정말 아무것도 없고 냄새도 좀 나고 특히 화장실....하수구에서 올라오는 냄새가 좀.......ㅡ.ㅡ&quot;\n같은 가격이면 그냥 괜찮다는 모텔이 좋을듯 싶은 생각이........\n그렇다고 뷰가 좋은 것도 아니고 바다가 가까이 있는것도 ........ 여긴....... 잠만 주무세요~~~~\n'], [5, '조아용'], [3, '방만 좋아요. 방은 넓고 깨끗해요. 호텔주변이 유령마을 같아요. 버려진 큰 건물등이 을씨년스러워요. 무서워요.\n'], [4, '가성비 갑!!!'], [3, ''], [1, '가족여행때 이용했는데 \n숙소청결 상태가 진짜 최악인데요? \n결국 2박 예약했는데 1박하고 다른 곳으로 옮겼습니다.'], [4, '다 좋은데 \n객실 관리 잘 안하는듯요 ㅋ\n가성비숙소 '], [5, ''], [3, '가성비는 좋지만 너무 외진곳에 위치 주변에 볼게 없다'], [5, '가격대비 정말 만족스러운 곳입니다! ˏ₍&bull;ɞ&bull;₎ˎ \n청결했고 방도 따뜻하고 무엇보다\n저렴한 가격에 트리플 룸으로 좋았어요!\n치약, 트리트먼트는 별도로 챙겨가야해요:-l'], [5, '방이넓고 트리플룸이있어서 셋이 각자 침대에서 취침하니 매우편함 ^^쾌적함'], [5, '방이 넓고 깔끔합니다\n가격 대비 훌륭! '], [5, '가성비..깨끗..바다뷰'], [5, '부모님 모시고 가서 숙소 정말 잘 잡았다고 칭찬 여러번 들었어요. 정말 이방이 이가격이냐?라고 하시네요.\n서귀포시랑 가깝고 특히 매일올래시장이랑도 가까워서 회랑 해산물 사다가 먹기도 좋았고\n조식도 괜찮았습니다. 우선 깔끔하고 넓고 트리플베드가 있어서 다음에도 이용할것같습니다. '], [5, '가성비너무좋은 숙소엿어요ㅠㅠ 완전깔끔하고 바다뷰에 서귀포시내가깝고! 굿굿'], [5, '서귀포 시내와 가깝고 객실도 깔끔해요'], [5, '개좋아요 진짜 연박안한걸 후회합니다\n조식도 맛있어요'], [1, '들어오자마자 느끼는게 크고 깔끔하다였습니다. 뷰도 좋구요.\n근데 자세하게 들여다보면 개판입니다.\n샤워실에 물때는 기본이고, 샤워기물나오는부분에 때는 오픈하고 한번도 안닦은듯...\n더러워서 우웩소리가 나왔습니다. 사진보면 이개 휴지로 여러번 닦았는데도 이정도...\n2박이라 1박뒤 밖에 다녀오니 청소는 하나도 안되있고 수건하고 실내화만 바뀌어있더군요.(사진침대참고)\n2박하면 청소안하나요?????? 싼맛이면 다른곳 예약하시길 여긴... 넓은거빼고\n위치도 위생도 최하급이에요.'], [5, '완전 괜찮았어요! 가성비 미쳤음,,살짝 아쉬운 점들은 숙박비 생각하면 다 커버됩니다~~! 친절하고 객실 넓고 침구 편하고 굿임'], [3, '가성비가 전부인 호텔(?)\n넓은 룸과 깔끔한 인테리어 좋습니다.\n다만, 객실 수 대비 턱없이 적은 주차대수로 인하여, 저녁에 어디 나갔다 들어오면 주차를 할 공간이 없어서 한참을 돌아야야 합니다.\n또한, 호텔이라고 생각 할 수 없는 룰서비스. \n와인잔, 언더락스 글래스는 당연히 없다는 답변.\n와인오프너는 시설 내 편의점에서 구입하시라는 친절한 설명. \n심지어 티스푼도 구할 수가 없습니다. \n다만, 객실 내 취사기구를 사용하기 위하여 2인 기준 10000원을 지불하면 어느 정도 인지 알 수 없는 식기와 취사도구를 제공한다고 합니다.'], [5, '세상에\n이렇게 좋은 숙소가 이 가격에'], [1, '가성비 좋다는 평 듣고 예약했는데 한마디로 최악이었습니다.. 처음에는 없는 객실번호 안내해서 건물 뺑뺑 돌게 만들고.. 프론트에 연락했더니 직원분 올라와서 다른 객실 안내해줬는데 다른 분이 이미 입실해있는 곳이었어요.. 객실 관리가 전혀 안되는 곳이고 머리카락.. 기타 청결도 최악이었습니다. 이불에 정체불명의 털 있는 건 감수하고 그냥 잤어요.. 정말 답없는 곳입니다.'], [4, '한라산 성판악에서 등반하기에 가까운 위치라서 결정했는데\n너무 맘에들었어요.\nC동에 묵었는데 뒤로는 한라산뷰 앞으로는 오션블로\n뷰부자에\n전 패밀리한실을 예약했는데 방도 너무 넓고 좋았답니다.\n테라스도 있었는데 테라스용 의자와 테이블이 있었으면 하는 아쉬움이 남녜요.\n건물 끝쪽에 공용 테라스도 있어서 나름의 아쉬움 달랬어요.\n\n모두 만족하는데 왜 별을 하나 뺐냐면\n음...화장실 스멜이 어떻게 해결이 안되요.ㅜㅜ\n\n전자렌지를 쓰려면 A동까지 가야햐는 불편함 감수해야하고\n청소해주시고 문을 제대로 안잠그고 가셔서 나갔다 들어와서 식겁했어요.\n\n그래서 별 하나는뺐어요.\n숙소에서 식사해결 안하시거나 A동이 숙소이고\n화장실 냄새를 이겨내시고\n저처럼 이런 실수 안겪으시면\n정말 만족스런 숙소일 듯 해요^^'], [5, '깨끗하고 산 쪽이라 상쾌하네요~'], [5, '너무 깔끔하고 좋아요~~~\n'], [5, '가성비 정말 좋아요!'], [4, '온돌방 되게 따뜻해요.화장실이 반투명-투명 조절 가능하고요,산 뷰는 공기가 매우 좋습니다.단,c동은 오름 위라 레이 등 경차는 올라가기 힘듭니다.그리고 밤에 조금 무섭습니다.'], [3, '다음 날 일찍 한라산 갈 거라 잠만 잘 거였는데 시설이 너무 좋았어요~ 방도 크고! 화장실도 넓고 이 가격에 이런 방이라니?!싶어요 다만.. 청결은 아주 만족스럽진 않네요'], [3, '전망 좋고 주변 조용하다\n세련미는  좀 떨어지고 침대밑 청소가 아쉽다\n하지만 룸은 넓고 출입이 편하다\n주차장과 가까워서~'], [1, '해지기전에 숙소들어와야지 안그럼 무서워요.\n산속에 덩그러니 숙소만 있음.\n깨끗하나 주방은 있는것도 아니고 없는것도 아니고\n컵 씻을수만 있고 주방세제도 아무그릇도 없음.'], [5, '정말 싸게 예약했는데\n시설은 제가 묵었던 그 어떤 시설보다 만족스러웠어요\n위치가 조금 외져서 그럴까요?\n시설과 가성비는 정말 최고예요\n제주 다음 여행 가게됨 다시 이용할 의사 100%예요\n\n다만 예약 사이트별로 가격차가 큰듯한데\n시설이 워낙 좋으니 \n좀 일관된 가격으로 이용할 수 있었으면'], [5, '가성비 최고최고!! \n깨끗합니다! 다만 침대밑은 보지마세요! 가성비 깨끗! \n넓고 위치도 나름 괜춘!!!! \n의외로 좋아서 별점 많이 드립니다! '], [4, '']]"
아이브리조트,"콘도,리조트",제주특별자치도 서귀포시 산록남로 1966-34,3.9,https://place.map.kakao.com/19942592#comment,32,"[[5, '제주도 2박하면서 여기 벨라에서 숙박했는데 굉장히 마음에 들었습니다. 비교적 좁은 방이었는데도 전자레인지, 전기레인지와 에어컨 등 웬만한 양호한 시설들이 갖춰져 있었습니다. 또한 대형 수영장도 있어서 자녀를 두신 분들이라면 이 숙소를 굉장히 고려해볼 만 합니다.\n무엇보다 좋은 것은, 이런 알찬 구성이 몇만 원밖에 안 한다는 것입니다!'], [5, ""It so bad It's good\n난 그 맘을 좀 뵈야겠어\nnarcissistic\n더 빠져 깊이 서로를 비춘 밤\n아름다운 까만 눈빛\n더 빠져 깊이\n넌 내게로 난 네게로 ""], [5, '숨 참고 러브 다이브'], [5, '한라산 등산 위해 호텔동에서 하루 묵었습니다.가격이 너무 싸서 걱정했는데 매우 괜찮았습니다!! 가성비 짱짱     '], [5, '가격도 착하고 친절하십니다 '], [5, '힐링  하기  좋은 숙소  입니다'], [1, '2박했는데 청소안해주고 수건교체 안해주고 쓰레기도 안치워주고~~\n싼게 비지떡 싼게 비지떡~~'], [5, '편하게 쉴수있는 곳입니다.\n안 좋은점을 찾으려면 많이 나오겠지만 이 가격에 이 정도면 훌륭하다 생각합니다.\n사진보다 훨씬 이쁘고 훨씬 큽니다.\n벨라도 생각보다 큽니다.\n할로나도 생각보다 크고 화장실도 2개라서 편하내요.....저렴한 가격에 추천합니다.'], [4, '호텔동에서 머물렀는데 방은 크고 좋았어요.\n그리고 뷰가 멀리 바다 보이는 뷰라서 좋아요.\n그리고 17시 전에 숙소 내에 있는 멕시카나치킨 주문예약하면 4천원 할인해줘요. 맛도 괜찮았어요.\n\n근데 침구류에 먼지도 많이 묻어있고 머리카락도 묻어있었어요... 그래도 싸게 예약해서 감안하고 머물렀네요.\n그리고 조식 전복죽 7000원인데 간이 하나도 안돼있어요..'], [4, '가성비'], [5, '조용하고 서귀포에서 좀멀지만 다른걸로 커버가능\n가성비 굿..다시 방문의사 있음'], [5, '오래전 머물렀던 숙소인데 \n오랜만에 다시 찾았습니다.\n뷰도 괜찮고 정말 조용합니다.\n넓은 곳에서 편히 잘 묵었습니다.\n세탁도 가능하고\n숙소에 가져다 주는\n조식(전복죽) 맛있고 편합니다.\n예민한 분들이 아니면\n씻고 자는 곳으로는 적극추천합니다.'], [2, ''], [4, '이 숙소의 장점은\n1) 저렴한 가격 (우리는 35000원선이었지만 아고다 최저가는 23000원선)\n2) 우수한 시설 (U+ 평면대형TV, 난방완벽, 넓은공간, 중형냉장고, 주방시설.)\n3) 위치 (중산간에 위치해 정말 고즈넉하고 먼곳으로 여행온 것 같음)\n\n이 숙소의 단점은\n* 믿을 수 없는 청결 상태. 룸 클린을 하기는 하는 건지?\n\nhttps://anakii.tistory.com/2831'], [3, ''], [4, '3일 지냈는데 잘 쉬고 갑니다 \n구내식당 명돈 고기도 맛있었네요'], [5, '서귀포 근처에 위치하여 구경하기 좋습니다. 방의 크기, 침대, 주방기구 등 부족함이 없고 값은 저렴합니다. 다녀본 곳 중 제일 좋습니다. 다음에 다시 오고 싶은 곳입니다'], [5, '말은 타국에서 몇 번 타봤는데,, 힘들어서 그런가 터덜터덜 걷더라구요 ㅋㅋㅋㅋㅋ 코끼리도 그랬구요ㅠㅡㅠ 흑.. 너무 고생하는 동물친구들,,\n추천해주신 곳 나중에 다 가볼게요 감사합니다!!'], [5, '최고임 ㅎㅎㅎㅎㅎ / 네 이지금씨 여기 산속이라 그렇지 시설은 좋네요! 직접 찍은거에요!'], [4, '시설은 오래된듯 한데\n가격대비 만족\n프론트 직원분 친절하시네요\n잘 쉬다 왔습니다'], [2, '매점이 너무 비싸네요 라면 한봉에 천오백원 포카리 큰통 두개에 만원!!! 창조경제!!!!'], [1, '호텔동 지금 묶고있는데요.\n곰팡이관리가 안되도 너무안되는 곳임.\n이런곳을 돈받고 판다는게 이해안됨.\n저처럼 예민한분들은 숨쉴수가 엄슴.\n심각함. 에어컨 조차 곰팡이가 가득...\n여름 성수기인데 환장함. \n새벽4시임. 자보려고해도 너무힘듬.\n\n그나마 애들 수영장에서 신나게 놀수있다는거에 별하나줌. \n'], [5, '가성비 참 좋았습니다\n수영장도 놀기 적당하고, 주변 산책하기도 좋았어요'], [5, ''], [2, '가격은 저렴하고, 청소는 잘 안되는 곳\n(침구에 머리카락등이 잔뜩 잇음)\n신축건물인 호텔동이 아니면 갈 필요가 없음.\n그냥 나는 잠만 자면 된다면 나쁘지 않다고 봄.'], [3, '1008호 묵었는데 다른건 다 좋았습니다.\n그런데 침대가 나무로 되어있어서 그런가 뒤척이면 삐거덕거려서 밤새 잠을 못잤습니다.\n바닥에서 잘까 하는 생각도 밤새 수십번....\n덕분에 담날 일찍깨서 움직일수 있었습니다.\n빨리 교체하셔야할것 같아요'], [4, '비수기에 갔다오니 조용하고 좋네요\n가격대비 최고인듯 합니다^^\n시설관리에만 조금 더 신경써주시면 별 5개'], [3, '안내도 친절하게 해주시고, 숙소 시설도 가격에 비해 참 좋아서 잘 쉬고 왔습니다! 다만 겨울에 방문했는데, 화장실과 샤워실이 창가쪽이라 그런지 매우 추웠어요. 또 산 속이라 그런지 휴대폰이 잘 터지지 않아 아쉬웠습니다. '], [1, '싼 맛에 갔고, 직원 분들 친절해서 좋았으나 일처리가 왜 이렇게 미숙들 하신지...5일 지내는 동안 청소 한 번을 제대로 안해주고 날도 추운데 난방은 매일 해달라고 하면 그제서야 넣어주시더군요...마지막 날은 하도 뭐라한게 죄송해 말 안하고 잤더니 밤새 냉골이어서 애들 다 감기걸리고 난리 났네요.. 다시는 안가고 싶은 곳입니다. '], [5, '산중턱에 있는지 가는 곳이 조금 위험하긴한데 숙소가 너무 좋아서 오실만 합니다~ 넓고 뷰도 좋고 스파도 할 수 있어서 편하게 쉬고 왔어요! 3박4일 중에 제일 좋았어요!'], [4, '시원한 한라산기슭에 위치하고 있어요! ']]"
롯데리조트제주 아트빌라스,"콘도,리조트",제주특별자치도 서귀포시 색달중앙로252번길 124,3.9,https://place.map.kakao.com/12789053#comment,13,"[[5, ''], [3, '시설좋고 객실도 넓고 가족단위로 가기 좋아요. 넓고 좋은데 뭔가 관리가 살짝 안되는 느낌이 있고 수영장이나 피트니스가 작네요. 클럽라운지에 커피 밖에 없어서 아쉬웠어요. 한번쯤은 가볼만한곳이요!'], [5, '넓고, 깔끔하고 좋아요!'], [5, '지금 세번째 가는데 항상 좋았급니다. 다만 전기가 잘 안들어올때거 있더라구요... 그래두 뷰 값이라고 생각합니다'], [2, ''], [4, '거리두기 하면서 묵었던게 제일 맘에 들음. 침구 화장실 등 전체적인 시설은 매우 좋음. 집안이 전부 똥글똥글해서 색다르게 지내볼 수 있었음(B블럭).  날씨만 좋으면 한라산 봉우리도 보임. 리조트를 워낙 잘 꾸며놔서 아침에 산책한바퀴 해도 좋음. 고지대에 있어서 그런가 날씨변화가 시내에 비해 심하고, 안개도 자주 낌. 정원유리가 별로 투명하지 않았던게 유일한 아쉬움.'], [5, '코로나 시국에 오붓하게 가족이랑 시간 보낼 수 있어 좋았음.\n요즘 같은 시국에 신라는 사람이 너무 많아서 숙박하면서도 계속 불안했는데 여긴 독채라서 그런 걱정 안해도 되니 좋음.\n자쿠지, 히노끼탕 모두 생각보다 정말 괜찮았고~\n로비 안쪽에 무인편의점이 있긴 하나, 코로나땜에 레스토랑 운영을 안하므로 먹을걸 미리 사들고 들어가거나 배달해야함(배달료:6천~1만원)\n호텔이 너무 구석에 자리잡고 있고 1/2층 간 방음이 좀 안되는게 단점...'], [3, 'Family Accommodation '], [5, '조용히 쉴수 있어 좋아요'], [3, '직원분들 매우 친절 함. \n불편한 것 있으면 그 즉시 해결.\n\nD107 쿠마 켄고.\n장 : 놀기 좋음. 햇살 좋음.  음식 조리해 먹기 좋음. 야외 자쿠지 좋음.\n\n단 : 침대 불편. 베개 가져가야 됨.'], [3, 'D동투숙 건축물만에만 점수줄수있고\n나머지는 0\n날씨흐리고 밤만돼면  안개로 늦게  들어가면 귀곡산장 빌라앞 조명은 망가져서 주차스토퍼에 걸려서\n넘어질뻔\n코로나로 조식당 미운영 추후에도 없앤다는\n직원이야기 휴양하러가서 밥해먹나?\n인근cc조식권유 절대 먹지말것\n빌라외에는 비추천\n\n'], [5, '가격은 좀 비싸다지만ㅡ\n\n돈값하는 최고의 시설ㅡ\n\n다섯식구 방 4군데서 정말 편히 잘 자고 지내다 왔네요ㅡ\n\n언제가는 꼭 한번은 가보시길ㅡ\n'], [3, '빌라의 디자인 시설 접근성 굿\n편의시설 부족  장마철 수영장 냉수는. . .좀']]"
와이리조트 제주,"콘도,리조트",제주특별자치도 서귀포시 안덕면 화순중앙로124번길 75,4.2,https://place.map.kakao.com/17833992#comment,37,"[[5, ''], [2, '일단 아랫층 수영장 무서워서 못가겠음 ㅠㅠ 말벌..제비떼..등등 수영장에 벌레들이 떠다니고,,\n개인 스파는 너무 좁아요.. 위에 주차장이던데 어떤 사람이 위에서 아래 내려다보고 있고 \n무엇보다 조식 먹을 게 없음... 비싸기만 하네'], [1, '주변 올레길 걸으려고 장박했는데 \n진짜 숙박 기간 내내 여길 숙소로 잡은\n제 자신이 너무 미웠습니다.......\n\n청소를 제대로 하지않아 \n월풀에 물을 받고 버튼을 눌렀더니 \n때가 욕조에 둥둥 떠다녔고 \n하수구에서는 지린내가 진동을 해서\n비위가 상할 정도였습니다.\n침구 또한 이불을 들추니 얼룩이 있는 등 \n청결과는 거리가 멀었습니다.\n\n게다가 윗층에서 가구배치라도 새로 하는지ㅎ...\n끼이익 끼익대는 층간소음도 무척 심했고\n조식은 무료인데 먹을 게 없습니다...\n\n'], [1, '조작된 댓글이 있어 평점 조정필요.'], [5, '산방산뷰가 너무 좋은 숙소입니다~로비에 추천해주신 맛집들이 다 맛있었습니다 ㅎㅎㅎ\n객실도 깨끗하고 조용해서 편하게 쉬었습니다! 겨울에 갔었는데 보일러가 옴춍 뜨끈했던걸로기억해요 ㅋㅋㅋㅋㅋㅋ너무좋았습니다 ㅎㅎ\n뷰가 너무이쁜숙소에요~또 놀러갈게요^^'], [5, '제주도 여행 중 가봤던 숙소중 가장 좋았습니다. 직원들도 친절하시고 객실도 깔끔해서 편하게 쉴수있었습니다 뷰도 정말 좋습니다 여름에 또 이용할게요~'], [5, '괜찮아요.  가성비 좋아요.'], [5, '시설도 너무 좋고 직원분들도 엄청 친절하시고 연인이랑 가기 너무 좋은 곳이었습니다 ㅎㅎ 좋은 추억 감사드립니다. 다음에 또 이용할게용 ~~'], [5, '역시 여행에서 편히 쉴수있는 그런 곳이라면\n이곳 와이리조트가 아닐까싶네요\n친절한 직원분들과 맛있는 조식 부드럽고 간이되어있는 죽이 너무 좋았습니다.\n남서쪽 관광하기엔 이쪽 리조트가 딱이네요\n 올여름에도 재방문 생각하고 있습니다       '], [5, '여름에 가보고 너무 좋아서 겨울에 재방문했어요~\n시설, 서비스, 뷰, 조식까지 어느것 하나 흠잡을데 없이 완벽한 숙소였어요! \n가족, 연인, 친구 누구랑 와도 좋아요!!!\n어디갈지 고민하시는 분들 와이리조트 추천합니당~^^'], [5, '제주도에 가본 숙소중에 직원분들이 제일 친절하고, 테라스에서 보는 뷰와 산방산도 너무 아름다웠습니다. ^^ 근처에 핫플도 가깝고 맛집도 많아서 다음에 제주도에 가도 꼭 다시 방문하고 싶어요! 조식도 맛있고 룸도 청결하고 대표님도 멋있고 ~직원들의 응대도 너무 친절하고 좋았습니다. 나만 알고싶은 숙소가됬습니당 여름에 또 갈게용~ &hearts; 재방문의사 ★★★★★'], [5, '시끄러운 공항근처 리조트보다 한적하고 산방산의멋진정기를받고왔습니다.\n가족단위최적의장소이며 야외풀도영유아놀기아주좋으며 아침조식무료임에도고퀄이었습니다.\n직원분들도너무친절하셨고 가격대비아주좋은리조트였습니다.\n재방문의사100%입니다^^'], [5, '직원들이 친절하고 리조트 조식과 죽 이 무료로 제공되어  정말 좋았습니다 가족과 함께 가서 아기들 이유식이 걱정이었는데  리조트 내에 간단한 취사가 가능해 간단 조리로 간편히 먹일 수 있었던 점이 정말 좋았네요 ^^ 가족들과 오랜만에 조용하고 아늑한 시간 보낼 수 있었습니다 . 곧 리모델링도 한다니 기대가 됩니다 또  방문 하고 싶은 곳입니다 !!!'], [5, '저렴하게 5성급 호텔 안부럽게 쉬다가 갑니다~~\n산방산뷰 동남아 안부럽네요~~~'], [5, '뷰좋고  직원분들 다 친절하고  또 가고싶은곳이네요 ㅎ  다음에 또 방문하겠습니다'], [5, '뷰가 젤일 좋고 깔끔합니다 직원분들도 매우 친절하시구요 재방문 의사 있습니다~'], [5, '뷰 좋고 깔끔 '], [4, '좋네요 산방산쪽으로 코스 잡으면 다시 방문의사 있어요'], [5, '산방산이 보이는 리조트. 두번째 방문.\n\n조식도 무료고, 만족하고 갑니다!!'], [5, '10월 주말 3박 동안 펜트하우스에서 편안히 힐링하고 왔습니다. 제주 바닷가에 위치한 호텔과 리조트에서 많이 숙박을 해봤지만 Y리조트처럼 산방산과 화순 앞바다와 같은 아름다운 경관을 모두 느낄 수 있는 숙소는 처음이었습니다. 장담컨대 제주에서 으뜸이라고 할 수 있습니다. 사장님 이하 직원분들도 아주 친절하고 숙소 내부도 깨끗하고 쾌적했습니다. 무료조식도 아주 굿이었고 주변 맛집이 의외로 많아 놀랐습니다. 날씨가 쌀쌀해서 수영장 이용을 못한게 아쉽네요. 다음에 또 이용하겠습니다~~~^^*'], [5, '편안하게 쉬다 갑니다. 조용하고 직원들도 친절하고 주변에 걸을 수 있는 올레길이 있어서 더 좋았어요 ㅎㅎ'], [5, '최고입니다.  직원들도 친절하고 뷰도 좋고 조식도 무료네요 간만에 즐겁게 잘 놀다왔습니다.'], [5, '야외수영장 있어서  여름에 애기랑 다시 오면 좋을것 같음 자쿠지 완전좋음 뷰 대박'], [5, '야외목욕탕이있어서재밌음\n그리고식당도같이있어서좋음'], [4, '수영장 굿!\n객실 가성비 적당\n뷰는 이거 너무 좋네요... 송악산이 보이고.. 너무 좋네요. \n'], [1, '그냥 모텔수준.\n홈페이지나 블로그의 사진은 역시 믿으면안됨. '], [3, '음... 청소나 청결이 다소 실망스러움... '], [2, '객실은 맘에 듦  그러나 수영장이  수심이 얕고 작아서 노잼  그리고 수질 안좋음  제주도는 진짜 가성비 좋은 곳이 없다  이래서  해외가는듯 '], [5, '객실도 깨끗하고, 의외로 공간이 넓어서 지내는데 편안함을 주는 거 같네요. 1층에 스파에서 족욕 서비스도 있어서 좋은 거 같아요~~'], [1, '노천탕 느낌 내려고 스파스위트객실을 예약했는데 밤에 사용하려고하니 뜨거운물이안나옴ㅋㅋ 다른스파객실에서 뜨거운물을 많이써서 안나온다고함..\n저녁 8시부터 밤12시까지 객실전체에서 뜨거운물이 안나오는 리조트임ㅋㅋ 밤에 컴플레인했지만 관리자도 리조트내에 없고 그저 프론트 말단직원만 어쩔수없다 죄송하다 하는곳임ㅋㅋ '], [4, '메이져급에 비하면 당연히 아쉽겠지만 작지만 리조트다운 시설(수영장, 노래방, 씽크대 등)과 깔끔한 룸 컨디션이 가족여행객들에겐 괜찮은 선택지가 될 듯\n샤워룸이 월풀때문에 다소 작지만 개개인 호불호에 갈릴 듯(입욕제는 유료)\n근처 썩은다리 오름이 가깝고 바다가 보이는 뷰\n주차장이 다소 협소한 게 흠\n편의점은 프런트에서 작게 운영중'], [5, '와이리조트 세번째 방문이었는데 역시 서비스 등 모든 면에서 완전 만족했습니다사전 예약하면 무료로 족욕 서비스도 이용할 수 있고 숙소는 항상 깨끗하고 무료조식도 맛있게 잘먹었습니다. 특히나 직원분들의 친절한 응대에 감동했습니다. 이번에 아빠가 숙소에 자켓을 두고 왔다고해서 리조트에 연락했는데 바로 찾아서 보내주셨어요. 다시 한번 정말 감사드립니다.  제주도 산방산 등 남쪽 구경오시는 분들께 강추해요~'], [5, '수영장이 재밌었어요.'], [4, '산방산쪽 여행하실분 묵기는 딱인것같아요\n숙박비도 비싸지않구요\n신축건물이 아니지만 깔끔하고\n넓은 자쿠지(월풀욕조)가 있어서 거품입욕제(프론트에서 판매)\n넣고 피로풀기 딱 좋아요\n직원분들 친절하시구요\n한가지 아쉬움은 조식이 매일 똑같은 메뉴라\n별 한개는 뺐어요\n종류가 많지 않아도 그 부분은 괜찮은데\n야채라도 종류를 좀 바꿔서 나온던가\n과일도 사과라도 나오거나 했으면 좋지않았을까 싶어요\n매일 귤...\n단 한가지도 바뀌지 않아서...\n하루 이틀 숙식하시는분들은\n문제가 없을 수도 있겠지만...'], [3, '아기가 있어 방바닥에 내려놓기 좋아요\n침구류 얼룩있어서 쫌 찝찝, 자쿠지.. 머리카락^^;\n헤어컨디셔너.. 왜 물이 옴팡들어가있는건지..\n그냥.. 뭐 이런거 눈 감으면 그 외엔 지낼만 해요!!'], [4, '두번째 방문. 만족'], [5, '가격이 저렴한데 수영장에 해변뷰 산방산뷰 방에 자쿠지까지..  위치가 아주 한적한 곳에 있어서 엄청 조용해요 방내부는 약간 낡은 느낌은 들지만 나머지 부분들이 좋아서 저는 아주 만족했어요 산방산 근처를 여행하실 분들에게는 좋은 선택이 될거같아여']]"
베이힐풀앤빌라,"콘도,리조트",제주특별자치도 서귀포시 예래로 424,3.9,https://place.map.kakao.com/23679793#comment,14,"[[4, '나니아 브런치 넘 훌륭했고, 숙소도 깨끗하고 좋았읍니다. 한가지 단점은 화장실 하수구에서 냄새가 올라오는거였는데, 그럼에도 불구하고 넓고 좋아서 재방문의사가 있읍니다.'], [4, '다좋아요!!!!친절하고편리하고께끗하고수건도여유롭게놓여져있고.....단점이라면하수구냄새가좀나요.....'], [1, '예약때 애기있어 야외풀 온수 신청할때 35~6도인가 일반 수영장 온수 온도랬고 특별히 폐끼친 기억 없는데 \n한여름 야외풀 온수는 뜨거울 정도로 뎁혀져있고 아무리 통창있는 독채라지만 에어컨 미리 안틀어놔 건물 안은 찜통에\n아기침대는 잔디밭을 끌고 온건지 관리 안되는지 침대 울타리? 부분에 잔디 잔뜩 박혀있고\n자쿠지 거품 남아있어 한번  다시 씻어달랬더니 직접 하란다;;\n야외풀장에 벌레 걷는 뜰채 있갈래 이것도 직접 하라 하겠지 싶어 저녁,담날 벌레 걷어가며 100 넘게 돈주고 뭐하는 짓인가 온가족이 열불터져 왔네요ㅠㅠ\n일반 호텔 이용할때 문제있음 간혹 컴플레인 걸고 하는데 이때 왜 못했나 아기침대,자쿠지 사진이라도 찍어뒀다 리뷰 올려줄걸 쓰다보니 또 화나네'], [4, ''], [4, '커플패키지로 5박 했는데 편안하고 세심한 서비스 좋았습니다\n방도 넓고 깨끗했구요 어매니티 조말론, 방마다 다이슨 드라이기, 미니바1회무료(탄산수, 코카콜라, 하이네켄맥주)+생수 넉넉했고\n나니아 레스토랑 디너, 에스테덤스파 70분 무료까지 \n여느 5성호텔보다 편안했어요, 룸시설이 다소 낡은부분은 아쉽지만 전반적으로 깨끗한관리가 되어 큰 문제 없었습니다'], [5, '뷰는 없었지만 테라스가 괜찮았어요 미니바가 1회 무료이고 생수도 4병이나 있었고 어메니티 향도 너무 좋네요 그리고 샤워부스도 처음에 들어갔을때 바닥도 따뜻해서 세심한 서비스가 느껴졌어요'], [5, '제주 여행 첫날 숙소로 완벽한 하루의\n마무리가 되어준 곳.\n코로나 때문에 제주도로 신혼여행\n오시는 분들 많다던데\n여기 오시는 분들은 해외여행\n못지 않는 추억 만들어 가실듯'], [5, '나니아 디너 최고'], [5, '신라호텔보다 더 맘에들었어요.'], [1, '짝'], [5, ''], [3, '퍼시픽빌라에 가봤는데, 돈 더 주고 오션빌라 하거나.. 아니면 더 저렴한 방으로 하세요. 복층이지만 2-3층이라 짐 나르기 귀찮고, 2-3층 왔다갔다 불편하고, 개인풀도 없고 (자쿠지는 고장), 밥솥도 없고, 대신 개미와 모기는 엄청 많고.. 조식도 저는 별로 (숙박 할인도 없음) / 빌라 스타일이면 펜션 쪽에 선택의 여지가 많고, 호텔 스타일이면 무난한 신라,롯데 추천 / 가는 길이 어려우니 내비에서 꼭 넓은 길로 설정하세요, 잘못해서 좁은 시골길로 들어서면 낭패입니다.ㅠ'], [5, ''], [4, 'Comfy Pool Villa']]"
MJ리조트,"콘도,리조트",제주특별자치도 제주시 구좌읍 해맞이해안로 1651,4.9,https://place.map.kakao.com/2002158765#comment,84,"[[5, '직원분들도 친절하시고\n조식도 맛있구요\n룸 컨디션도 최상입니다\n다음에 또 방문하고 싶네요\n번창하세요'], [5, '여기 직원분들이 가족분들이 하시는거 같은데 그래서 그런지 너무 친절하고 너무 깨끗하고 30-40만원짜리 느낌인데 절반가격이네요\n또 올게요&hearts; \n'], [5, 'Very warm and friendly welcome from the staff. Amazing location and our apartment was beautiful. '], [5, ''], [5, '여행 마지막 날.\n바다뷰테라스룸에서.\n저녁엔 룸서비스로\n풍성한 슈바인학센과\n기분좋은 한잔.\n아침  깔끔한 조식후.\n바다뷰정원에서 커피한잔 마시며.\n멍때리다 공항으로.\n'], [5, '가격에 비해 넓은 객실, 훌륭한 뷰, 친절한 접객, 알찬 조식\n\n재방문의사 100%\n\n나만 알고 싶은 숙소'], [5, '이렇게 해변이 바~로 앞에 있는 숙소가 있을까! 주변도 조용하고 아주 좋았어요. 직원들도 아주아주 친절해서 좋았음!'], [5, '최고임'], [5, ''], [5, '유명한데 더유명해지면 곤란하나 ㅋ 후기남겨봅니다.우선 재방문의사 100퍼 깨끗하고 따뜻하고 친절하고 뭐하나  빠지는게없어요. 사장님부부가 선해보이시고 직원들도 어찌그리 선한지 넘 만족했어요 제 이니셜이랑 같아 제꺼하고싶은 리조트네요'], [5, '여러모로 너무 만족스러웠습니다\n직원분들이 친절하신게 기억에 남아요'], [5, '직원분들도 너무 친절하시고 숙소도 깔끔하고 좋아요. 신혼여행으로 왔는디 나중에 부모님 모시고 꼭 다시 오고 싶어요!! 조식으로 착즙주스도 나오고 너무 좋았어요!!'], [5, '여러므로 훌륭한 숙소'], [5, '스텝 분들 넘 친절하시고 가방도 들어주시고..비 오는날 우산도 주셔서 감동받았어요. 침구도 흔들리지 않고 좋았고 방도 미리 불 넣어두셔서 따뜻하더라구요~ 세심한 숙소였어요 \n조식도 다양하진 않지만 따뜻하고 맛있어요. 바다 뷰 너무 예쁘고..최고'], [5, ''], [4, '바람엄청부는날인데 창문틀소리없이 튼튼한숙소이고  모든직원 친절이 기본으로 배여있고 룸서비스 음식도 맛있고 비싸지않고  조식 간단하지만 깔끔하고 여름에 다시가고싶네요 바로앞 바다에 발담그러'], [5, '더 많이 안알려졌으면.. 너무 좋아서 여러번 왔어요 ㅠㅜ 친절하고 뷰 최고고 가성비 좋고.. 조식도 단촐하지만 다 맛있어요! '], [5, '일단 바다 바로 앞에 위치해있어서 뷰가 진짜 멋집니다. \n조식과 직원분들 서비스는 좋은 호텔에 절대 뒤지지않는 퀄리티였어요! \n침구 폭신폭신하고 전체적으로 깨끗해요. \n화장실, 샤워실이 조금 좁고 경계가 모호해서 이용하는데\n조금 불편함은 있었지만 다른것들이 만족스러워서 괜찮았습니다. \n세화 해변이 가까워 음식점, 카페도 많아서 좋았어요. \n재방문 하고싶은 숙소에요 :) '], [3, '2년전부터 가고싶었던 장소인데 코로나 잠잠해지고 겨우 방문했네요. 역시 높은 평점답게 방상태 친절함 모두 최상이었네요. 다만 룸서비스를 해서 학센을 시켰는데 방에 적혀있는 가격보다 3000원 더 받으시네요. 재료가 바뀌어 그렇다고하셨는데 어쨋든 사람에 따라 기분상할수도 있는 건이라 빠르게 수정하셔야 할 것 같습니다. 전반적으로 룸서비스 음식도 훌륭했어요'], [5, '경치가 좋아서 둘이 보다 하나가 죽어도 모르겠어요'], [5, '나만알고싶은 최고의 숙소를 찾았네요. 뷰는 말할 것도없고, 직원분들은 너무나 친절하시며 조식은 5성 호텔 급입니다. 제주여행할 때 뷰 좋은 카페를 많이 찾아다녔는데, 여기 마당에 앉아서 보는 뷰가 그 어느 곳보다 좋았습니다. 도심과 떨어져있어 관광객이 별로 없어 너무 평화롭습니다. 나만 알고있다가 다음에 또 가고 싶네요. 최고!'], [5, '룸 컨디션, 채광, 부대시설, 조식, 풍경\n빠지는 것 없이 정말 너무 좋음\n제주의 정취를 더할나위 없이 즐길 수 있는 곳\n특히나 조식당 방문하면 얼마나 정성들여\n관리되는 곳인지 알 수 있다.'], [5, ''], [5, '왜 평점이 만점인지 알 수있었습니다.. 여기서 살고 싶네요 '], [5, '젤 싼 스탠다드기준. 방 이쁘고 사진보고 짐작했던것보다 1.5배 더컸음. 직원분들 정~~~~~~말 친절하고 대표님 같이보이는 분도 정~~~~~~~말 친절하고 교양있어보이심. 바다뷰도완벽! 갠적으로 유명해지지 말았으면 하는 숙소인데 유명해질듯'], [5, ''], [3, ''], [5, '바다뷰를 보며 먹는 조식 맛있어요\n직원분들도 너무 친절하셔서 덕분에 머무는 동안 기분도 좋았습니당\n또 가고 싶네요 강추해요~'], [5, '호텔만 좋아하는 저의 편견을 깨준 곳입니다. 세심함에 고객감동 그자체입니다. 이렇게 아름다운 곳에서 야외결혼식을 하면 너무 좋을 것 같아요. 행복한 시간을 보낼 수 있게 해주셔서 감사합니다. '], [5, '너무 좋아서 두번째 방문 했어요\n점점 알려져서 예약이 힘들어지기 시작했네요\n친절도 최상, 청결도 최상, 뷰 최상 입니다.\n조식도 깔끔하구요.\n저녁은 다른데 보다 여기서 주문해서 드시는 걸 추천 합니다.\n제주도 방문하면 또 숙박 하고 싶습니다\n'], [5, '이만한 가격에 이정도로 좋은 숙소는 제주도 내에 없는것 같네요 직원분들도 친절하시고요\n무료조식도 맛있고 숙소앞에 벤치도 잘되있어서 석양보기도 좋습니다 :)\n저희는 운좋게도 돌고래도 봤네요 ㅎㅎ\n강추입니다'], [5, '정말 친절하세요. 제가 간날 하필 흐려서 아무것도 안보였지만 그래도 좋았어요. 아 그런데 리조트 내 카페는 절대.. 가지마세요.. 할인쿠폰 주셔서 갔는데 살다살다 이렇게 맛없는 쥬스랑 아메리카노는 처음이에요...^^ 이것빼곤 완벽.'], [5, '여기서 아침 조식 먹었는데 직원 분들이 친절 끝판왕이셨습니다. 그리고 바다 뷰에 조식까지 너무너무 괜찮았어요. 즉석 당근쥬스와 즉석 토마토 쥬스는 정말 최고였습니다. 강추입니다.'], [5, '직원들 친절하시고\n뷰 좋고\n조식 간단하지만 만족합니다'], [5, '직원분들이 너무 친절하시고 비올땐 우산까지 챙겨주시는 센스까지! 다시 제주도가면 또 예약할까해요..커피한잔 들고 앞마당만 나가도 유명카페 안부럽더라구요. 추천합니다'], [5, '세계 이곳저곳 호텔다녀봤지만 이곳의 친절과 서비스는 세계최고였습니다.\n정말 만족하고 잘지내다 갑니다'], [5, '평가는 사진으로 대체'], [5, '조용하고 친절하시고 좋았어요\n숙소 창밖에서 보이는 풍경입니다 숙소에는 아침, 늦은 밤에만 있었지만 주변소음 없이 조용했어요 \n바다 인접해서 바람은 좀 강해요 '], [5, '참 예쁜 리조트 입니다. 조식도 깔끔하고 맛있었습니다. '], [5, '제발 오지 마세요. 언제든지 제주도 갈 때면 예약해서 가고 싶은데 너무 평이 좋으니 예약하기 힘들잖아요..저만 가고 싶어요. '], [5, '평점 만점인 이유가 있었네요. \n모두다 친절이 몸에 배어있음! \n조식 포함인지 몰랐는데 구성도 너무 괜찮고\n뷰도 좋고 숙소도 너무 깔끔 amenity도 \n맘에 들고 산책로도 너무 좋았습니다. \n재방문 의사 완전 있습니다. '], [5, '리조트 분위기 위치 너무 좋고, 조식도 너무 괜찮습니다~\n숙소 깔끔하고 정갈하며, 친절을 넘어 감동을 선물해주시는 주인분들 덕분에 기분이 넘 좋네요~\n조식 안먹는다는 둘째딸을 위해 따로 생과일쥬스까지 포장해서 주시는 배려~~\n담에도 제주오면 무조건 2박이상 할거에요!!\n만족도 최상의 리조트^^b\n항상 번창하세요~~'], [5, '좋았어요 ㅎㅎ'], [5, '바로 앞이 바다라 멍때리기 좋다.\n모든 직원들이 친절하고\n객실도 청결\n주변 별방진 주변으로 산책하기 좋음\n\n체크인시 제공하는 군고구마 맛도 좋고\n조식도 만족\n다만 빵 종류가 한가지 인 것이\n아쉽기는 함\n\n'], [5, '여기... 진짜 최고예요\n\n첫째. 여기는 제가 경험한 숙소중에 최고였습니다\n둘째. 이곳에 와본뒤로 다른곳에서 만족할 수 없었습니다\n셋째. 혹시 고민중이라면 무조건 여기로 오세요. \n\n정말 후회없는 최고의 선택입니다 ㅋㅋㅋㅋ\n\n직원분들 모두 친절하시고 환상적인 뷰예요!\n \n체크인 하면서 싱싱한 감귤과 군고구마를(진짜 꿀맛) 주셔서 \n간식으로 정말 잘 먹었구요\n다음날 조식먹으러 가는길에 보니 문 앞에 우산을 인원수에 맞게 놓아주셨더라구요... 그날 비온다고 배려해주신게 너무 감사했어요\n\n정말 하루 묵고 가는게 너무너무 아쉬울만큼, 제주도에 또 온다면 꼭 다시 올 만큼 만족스러운 곳이였어요!'], [5, '바다뷰, 직원분들의 친절, 깔끔하고 맛있는 조식\n모든게 다 맘에 들었습니다.\n다른 호텔에서 묵은곳보다 엠제이리조트에서 묵은게 훨씬좋았어요.\n한라산 가려구 일찍나왔는데 저희 보시고 쥬스랑 간식챙겨주시는것도 정말 감동이었습니다 ^.ㅜ\n이번에 바다뷰를 제대로 못즐겨서 다시 오고싶어요~~'], [5, '매우 깨끗하고 친절합니다. 남자로서 면도기가 안좋다는거빼고 다른 물품들도 다 좋았어요. '], [5, '숙소 너무 만족해오 ㅠㅠ 다시 가고 싶어요\n단점은 없지만 단점이라면 ㅠ 너무 친절하구 \n체크인 체크아웃 달려와서 인사하고 ㅋㅋㅋ\n좋았어요.\n군고마 챙겨주시고 가족이랑 꼭 다시 갈래여'], [5, '우연이 알게 된 숙소인데 가족 모두가 만족하면서 지내고 왔습니다.\n제주도 오게되면 다시 가고싶은 숙소입니다.\n'], [5, '바다 바로 앞에 위치해 있어서 침대에서 누우면 바로 바다뷰라 너무 좋았어요~\n깨끗한 건 말할 것도 없고 직원분들 모두 너무 친절하셔서 2박 했는데도 불구하고 하루 더 묵고 싶어졌었어요~\n조식도 너무 좋았고 바로 옆에 호텔에서 같이 운영하는 카페도 있던데 바로 옆이라서 야식 겸 와플 구매했는데 룸으로 직접 가져다 주셨어요~ 사실 호텔에서 운영하는 카페라 맛은 별로 기대안했는데 엄청 맛있었어요~ 다음날 샌드위치도 또 먹었는데 사진은 안찍었네요 ㅠㅠ\n암튼 다음에 제주오면 꼭 다시 묵고 싶은 호텔입니다~\n진짜 직원분들 친절은 잊을수가 없네요~'], [5, '만족합니다'], [5, '정말 최고예요!!!!!!!! 프론트 남직원분은 맘은 그런게 아니신 것 같은데 말투가 약간 불친절한 느낌이라 아쉽구요(전화문의시) \n여자 사장님은 정말~~~~~~~~~~~~~~~~ 친철하세요. 짱이에요!!!!!! \n숯불하니까 소라도 서비스 주시고 (소라 정말 맛있었어요.)\n\n저희는 수영인이라 수영장이 없어서 너무너무 아쉬워요.\n수영장만 있으면 제주도 갈때마다 묵고 싶은 곳이예요.\n조식뷰도 환상적입니다.(날파리는 아쉽ㅠㅠ)\n\n그리고 아랫분 리뷰처럼 비오는날 문앞 우산은 감동이었습니다.'], [5, '부모님 모시고 가서 프리미엄룸 예약했는데 오션뷰 너무 예쁘고 예쁘고 예뻐요... 방도 너무 깨끗했고 쉬다가기에 완벽했습니다. 그리고 사장님이 너무 친절하십니다. 동생이 아팠는데 약도 챙겨주시구 마지막 체크아웃때 파인애플 주스도 챙겨주셨어요ㅠㅠ '], [5, '하나하나 정성이 느껴집니다. 서비스에 감동받고 갑니다!!\n조식도 너무 좋았어요. 다만 화장실과 샤워실이 좀더 가려져 있었다면 좋았을 것 같아요. ^^'], [5, '정말 하늘아래 이런 숙소가 또 있을까요? 부담스럽지 않을정도의 친절함과 조식,뷰, 친절도, 방 상태까지 모든게 완벽했어요 mj때문에 이번 여행은 더 빛났던것 같아요 여행내내 4밧5일을 mj에 올인하길 잘했다는 생각 뿐이었어요 다음제주도 여행은 또 mj로 올께요 비오는날 문앞의 우산은 정말 잊지못할 서비스입니다\n감사합니다 모든 직원분들과 mj'], [5, '여기 진짜 나만 알고 싶은 리조트 맞습니다. 유명해지면 예약하기 힘들어지는데ㅠㅠ\n직원분들 친절하시구 수건 침구 다 깨끗해서 넘넘 좋아요^^ 가격도 착한데 깔끔한 조식까지 주니, 이보다 좋을수가 없습니다!!\n리조트앞 바다 수심도 얕고 바위에 물고기들도 살아서 보는 재미가 있습니다.'], [5, '청결, 조식, 친절, 뷰, 가성비 등 무엇하나 빠지는게 없는 숙소!'], [5, '깔끔, 청결, 친절, 아늑, 위치 최고'], [5, '진짜 가성비 최고 숙소입니다 바다전망, 룸컨디션, 친절도 모두 좋고 여행 많이 다녀보신 분이 여행객의 필요를 잘 알고 운영하시는 듯한 느낌이에요 '], [5, '짱 최고 친절하고 좋아요!'], [5, '별 5개 후기가 이유가 있네요 세심한 배려와 아늑함 그리고 어마어마한 뷰! 다음에도 꼭 올거에요 일출 일몰 맛집♡♡'], [5, '나의 유일한 후회는 왜 여기서 더 숙박 일정을 잡지 않았나하는 것뿐... 진짜 넘 이쁘고 조용하고(!!!) 친절해요. 원하던 휴식을 여기서 하고 가요. 조식도 너무 좋은데, 단순해도 유명호텔 조식 부럽지 않게 기본에 충실하고 좋아요. 꼭 또 올거에요. '], [5, '아침에 일출을 볼수 있는\n바다뷰가 무척이나 예쁜 숙소에요\n거기에 가격도 너무 착하고요\n\n조식도 엄청 깔끔하고 맛있어요\n토스트류 샐러드류 볶음밥, 계란과 소세지, 베이컨\n다 있어요\n특히 사모님께서 직접 갈아주시는 당근사과쥬스가 맛있었어요\n\n그리고 무엇보다도 사장님 사모님 모두 너무 친절하셔서 다음에 또 오고싶은 곳이에요^^'], [5, '지쨔 예뻐요\n날씨 좋은날 오니까 행복해요\n바로 앞 산책로 꼭 가보세요\n'], [5, '여기 머물수 있다면 무조건 고밈없이 예약하시는걸 추천드려요!! 전망은 바다가 바로 보여서 너무너무 좋았구요 친절하시고 안에 시설도 너무 깨끗하고 좋았어요!! 조식도 맛있게 잘 먹었어요~\n 그냥 동네 분위기도 좋고 최곱니다!'], [5, '최ㅋ고ㅋ\n날씨 안좋아서 방에서 넷플릭스 봤는데 너무 조음..... 조식도 나름 알차서 짱짱'], [5, '꼭 다시 오고 싶은 곳. 바로 앞에 해녀들이 바다로 들어가는 길이 정말 아름다워요.'], [5, '혼자만 알고싶은 그런 곳입니다 '], [5, '제주도 숙소는 무조건 여기다...!!\n임산부인걸 먼저 알아보시고는\n말씀도 안드렸는데 이것저것 세심하게 신경써주셨어요!\n뷰도 너무 좋고 조식도 맛있고 깨끗하고 친절하고\n5점아니고 10점 주고 싶은 숙소'], [5, '사진으로 다 확인이 안되겠지만, 5점을 줄 수 밖에 없는 곳. \n방안에서 바로 보이는 바다. \n왠만한 호텔 버금 가는 훌륭한 침구. \n넓고 깨끗한 방. \n바다뷰를 보며 먹을 수 있는 정성 가득한 조식까지. \n무엇보다 선한 눈빛의 사장님 가족(인듯하다) 들의 친절이 감동스럽다. \n더 잘되면 좋겠다 싶으면서도 나만 알고 싶은 그런 곳. '], [5, ''], [5, '마블러스하도 카페 리뷰를\n따로 남길 수 없어서 여기 남겨요!\n커피도 차도 맛있고\n정말 친절하십니다\n가슴이 뻥 뚤리는 것 같은 넓은 오션뷰까지 \n날이 흐려서 사진이 아쉽네요\n맑은 날 또 와야겠어요 '], [5, '숙소 최고 짱이에옽'], [5, '그 어떤 특급 호텔 보다 친절하고 최고의 장소 \n다음에 또 제주올때는 여기 짱 '], [5, '제주도에서 가장 멋진 뷰를 볼수있는 고급 리조트  숙소 객실은 호텔급   숙소옆 카페는 숨은 명소  여기서 조식 제공하는데 이런 뷰를 보며 아침을 먹을수있다는게 비현실적 ㅎ  직원분들 모두 너무 친절하고 프로페셔널함  남들에게 많이 알려지지 않았으면 하는 바램 ㅋㅋ 하지만 넘 감동받아 리뷰 살짝 남겨봄   또 가고싶다 ㅎ'], [5, '뷰도 좋고 내부도 깔끔하고 조식도 맛있었어요. 조식 먹는 곳도 바다 바로 옆이라 너무 예뻤어요. 직원분들 너무 친절해서 편하게 지내다 나왔습니다. 다음에 또 갈꺼에요!'], [4, '부모님 모시고 신랑하고 첫 제주도 여행! 두번째날 숙소였는데 이틀 여기서 묵어도 좋았을꺼란 생각... 부모님이 너무 깔끔하고 이쁘고 방도 뜨듯하다면서 좋아하심! 그치만.. 화장실 욕실이 불투명이라 조오금(?) 애매모호한ㅎㅎ\n샴푸 바디워시 린스 바디로션 다 있어서 좋았고 직원들이 막 친절하지 않지만 기본에 충실 하신거 같아서 오히려 그게 더 좋았음. 뷰가 너무 좋았는데 바람도 불고 비행기 시간땜에 조식 먹고 바로 출발...\n조식으로 아메리칸 스타일이였는데 (베이컨 계란후라이 토스트 샐러드 등) 부모님이 항상 아침은 밥을 드셨는데 제주도 와서 외국처럼 먹어본다고 대우받는거 같다며 좋아하심ㅎㅎ 조금 아쉬운건 연인이나 커플 신혼부부는 근처에 먹을곳이 나름 있지만 저 처럼 부모님 모시고 오는 분들은 조금 애매해요 ~ 오실분들 참고하세요..!'], [5, '유명해지지 않았음 좋겠다 싶을 정도로 괜찮은  숙소.\n널직한 객실, 깔끔한 컨디션, 탁트인 전망, 조용한 주변,\n인심좋은 사장님까지,\n다음에 또 오고싶어요!!'], [5, '이곳은 4차산업혁명시대에 걸맞은 하이테크놀로지와 자연의 산물 바다가 맞닿은 천국이 틀림없습니다'], [5, '사모님께서 태풍분다고 돈 안받을테니 더있다 가시라구 하셧을때 너무 감동..... 두번이나 밖으로 나와셔서 마중와주시구 너무 감사했어요.\n\n다음에 또 제주도 오면 조식 꼭 먹고싶어요\n\n그리고 뷰가 진짜 최상이에요'], [5, '깨끗하고 넓어서 진짜 좋았어요! 시설도 정말 깨끗하고 편리했고, 제공되는 조식도 계란후라이랑 베이컨을 따뜻하고 편하게 먹을 수 있도록 구워주셔서 맛있게 먹을 수 있었습니다. 바다 바로 앞이어서 예쁜 바다를 숙소에서도 보고, 조금만 걸어나가면 있는 해안길?에서 산책도 할 수 있어서 정말 행복했어요:)'], [5, '제주도 여행하고 잠만 잘 생각으로 왔는데 숙소 들어오자마자 나가기 싫다는 생각이 들었어여ㅋㅋㅋㅋㅋㅋ 손님이 편안하게 하루를 보낼 수 있도록 섬세하게 배려한 숙소인것 같아요..! 또 가고 싶어요!!'], [5, '정말 좋은 침대와 시설. 새로지어서 깔끔하고 직원분들이 정말 친절하십니다. 아침에 늦게 일어나서 조식을 못먹고 일행과 출발을 기다렸는데, 직원분이 조식 못먹었다 했더니 배고프겠다고 머라도 주시겠다 했습니다. 괜찮다했더니 예쁜 병에 우유와 오렌지주스를 주셔서 너무 맛있게 아침을 간단히 해결하고 일정을 시작할수 있었습니다. 가족같은 분위기기도 하면서 뭔가 이가격에 이런 대접을 받아도 되나 싶을 정도로 좋았습니다. 조식을 더 좋게 하려고 준비하신다고 하는데, 꼭 다시오고싶은 장소입니다.'], [5, '최고']]"
씨사이드아덴리조트,"콘도,리조트",제주특별자치도 서귀포시 중문관광로 124,4.0,https://place.map.kakao.com/126838669#comment,13,"[[5, '중문단지 내 위치하고 있으며, 가장 작은 평형도 방3개, 화장실3개로 6명 정도의 가족 여행에 최적인 가성비를 자랑합니다. 리조트보다는 아파트 같은 느낌으로 부대시설은 부족합니다 ^^'], [4, '호텔은 아니고 넓은 고급 아파트 같아요. \n일부는 분양하고 나머지를 숙소로 운영하는 듯 해요.\n그래서 운영에 약간 미흡한 부분이 있으나 \n수건이나 휴지는 요청하면 바로 갖다 줍니다.\n방도 많고 화장실도 3개여서 가족들이 모여 지내기는 편했어요.\n청소가 약간 아쉬운데 테이블에 안닦이는 때로 식사할때마다 거슬렸고, 화장실 청소상태가 좀 아쉬웠어여. 특히 제일 작은 화장실은 샤워기가 없어서 세수와 볼일만 가능한데 그래서 물청소를 안했는지 지린냄새가 계속 나서 거의 사용을 안했네요 ㅜㅜ'], [4, ''], [5, '잘쉬다갑니다'], [4, '위치는 정말 최고ㅎ\n저가 머물렀던 숙소는 내부가 위생적이지 않아서\n별점하나 뺍니다'], [2, '여기 직원들 아주 고자세이고 불친절합니다. '], [5, ''], [2, '대가족 숙소로 서머셋 숙박후 여기로 이동.여러모로 비교됨 데스크의 응대부터 청소상태까지 불량함 식기세척기는 리조트규정상 사용하면 안된다함 편의점은 간이 매점수준  비추'], [5, ''], [5, '고급레지던스, 아파트 급의 리조트였다.\n해수욕장에 도보로 10분 정도가 걸린다. 바로 근처에 아이들이 가기좋은 테마파크가 많다. \n\n디럭스스위트는 방이 3개. 욕실 2\n 화장실 1\n주방에는 대형 냉장고와 와인냉장고 등이 갖추어져있고 테라스도 넓어서 좋았음\n\n시설은  대체로  깔끔한편'], [1, '새벽2시에 화장실에서 8cm 대왕 독거미 같은 벌레가 나와서\n와이프가 놀라서 밤새 제대로 잠도 못잤는데,\n그 다음날 스케쥴도 다 망쳤는데,\n그냥 미안하다고만 하면 끝??\n쇼파에서는 냄새 나고&hellip;\n다시는 이용 안합니다.'], [5, ''], [5, '']]"
담앤루,"콘도,리조트",제주특별자치도 서귀포시 이어도로343번길 63,4.4,https://place.map.kakao.com/12236502#comment,13,"[[5, '너무좋음 또 오고 싶음'], [5, '조용한곳에서 잘쉬고갑니다.\n직원분들도 친절하세요\n저녁먹으러 나가는길이 조금 어두었지만\n가까운곳에 기가막힌 흑돼지 가게가있어 덤으로 좋았네요\n올레칠돈 흑돼지 전문점인데 다음여행도 이곳두곳으로  고고할꺼예요~'], [3, ''], [1, '불친절'], [5, '언제나 신나는 곳'], [5, '아이넷 다둥이 가족 흐노니에 묵었었고 거실창으로 수영장 너머 바다뷰가 이국적이고 예뻤어요. 중문관광단지 10분~20거리내에 관광, 맛집 모여있어서 3일같은 2일 일정 알차게 보내고 갑니다.'], [5, '조식 맛있어요 ~ 예전에 회사연수로 왔다가 넘 8좋아서 남편도 델구왔는데 역시나 친절하고 넘  좋았어요.시설이 좀 노후되긴했지만 가격대비 쏘쏘 ~청소 깔끔해요. 다시 올 맘 있습니다. 단 뜨거운 물은 좀 틀아놔야 나와요~ 방음도 좀 안되네요ㅋㅋ\n비나리 커플룸은 오션뷰는 아니에요. 나무때문에 안보임다~ㅎㅎㅣ'], [4, '방음이좀 안됩니다.\n하이선와서 물놀이도 못하고 갑니다.\n'], [5, '한적한 장소에서 엄마 모시고 너무너무 재미있게 놀았어요~\n특히 울엄마는 사우나와 수영장을 300% 즐기시고\n행복해 하셨어요~ 직원들도 친절해서 팀까지 주시고~\n\n어른 모시고 제주도 가신다면 최고의 숙소입니다~~\n조식과 BBQ도 아주 좋았습니다~\n3층이라 계단이 오르내리기 좀 불편하셨을텐데\n전혀 개의치 않으실 정도로 만족했습니다.\n'], [5, '직원분들이 너무너ㅜ너무 친절하세요ㅠㅠㅠㅠ 룸컨디션도 좋고 .. 다만 아쉬운건 지리적인거랑 화장실 문이...깔!'], [5, '직원분들도 친절하고\n룸 컨디션좋고\n저녁 바베큐도 완전 대박 맛났어요^^'], [4, '굿'], [5, '가격도 착한 풀빌라!\n객실도 넓고 이쁘고~~풀장도 길어요.\n리조트라 식기류도 다 있네요.\n그리고 객실내 사우나 시설도 있어서 최고!\n욕조도 매우 큰 편이라 꼬맹이들에게는 수영장같은 느낌이예요.\n직원들도 아주 친절하고 조식은 그냥그냥 무난하게 먹을만해요.\n리조트내 산책할 수 있는 공간이 넓지않고 주위 경치가 비닐하우스라 살짝 아쉽긴하지만 멀리 바다도 보이고 나무도 많고 공기좋고 객실 컨디션도 괜찮고, 만족해요!']]"
올레리조트,"콘도,리조트",제주특별자치도 제주시 애월읍 부룡수길 33,4.2,https://place.map.kakao.com/8012335#comment,18,"[[5, '침대랑 욕실이 마음에 들어습니다\n욕실이 커서 사우나가 가능합니다\n항상 청소해주셔서 감사합니다'], [4, '가성비 갑! 숙소 넓고 정원 잘 가꿔져 있고 직원분들 정말 친절킹이세요ㅠㅠ 근데 가는 길이 좀 구불구불하고 욕조가 물 받으니 더러워서 싹 닦고 쓰는게 좋을것같아요! 그거 빼곤 너무 좋았습니다'], [4, '숙소 외관이 예뻐서 예약했어요 외국같기도 하구요 ! 직원분들 진짜 너무너무 친절하셔서 기분 좋았어요 :) 아쉬운점은 화장실에서 냄새가 좀 났어요 ㅠ 그래서 창문열고 환기 시키니까 좀 나아지긴 했어요 ! '], [5, ''], [3, '노후화가 진행되어있고 객실이 좀 추운편입니다.\n대신 물은 정말 뜨겁게 잘나옵니다.\n객실은 계단으로만 가야해서........엘베가없습니다.\n짐이 많으면 조금 번거로워요'], [5, '여긴 진짜 서비스가 최고..\n직원들 친절이 장난이아님..\n'], [5, '너무 좋았어요! 가족여행으로 최고인 곳일듯 합니다. 서비스와 시설 모두 만족스러웠고 여름에 다시 한 번 방문하고 싶어요. 하지만 조식은 가격에 비해 조-금 아쉬운듯 합니다~ 그래도 제주도 여행의 하이라이트가 되었네요!'], [4, '마치 동남아 리조트 온듯한 착각이 들만큼 유사한 컨셉이네요.\n가격대비 만족도가 높은 곳이네요.\n정원도 너무 이쁘구요.\n다음에 또 와도 좋을 곳입니다.'], [4, '시설과 룸은 새로 보수해서 정말 좋습니다 느낌이 동남아 리조트에 온 느낌을 가지고 있네요\n다만 조식 메뉴 가짓수와 맛의 퀄리티 향상이 필요합니다. \n그리고 배게는 너무 목과 어깨가 아파서 밤새도록 자꾸 깨게 만듭니다. 배게는 신중한 교체 검토가 필요합니다. \n그거 외는 모든 것이 좋습니다'], [4, '조식&hearts;\n\n2층에 침대 2개를 2층과 1층 각각 1개로 해주면 더 좋을듯'], [5, ''], [5, '5시쯤에해질때 정말이뻐요'], [5, ''], [5, '올레리조트... 최근 내부 인테리어를 했다고 하여 1박은 올레리즈트에 머물렀다... 인테리어 수준이 완전 후덜덜... 디자인은 최신 트렌드를 더하고 소재도 하나하나 최고급을 지향한 흔적이 곳곳에 남아있다... 특히 깜놀한 것은 TV주변을 감싼 철판이었다... 고급 카페에 온 착각마져 들었다고나 할까?? 피곤을 풀기에 충분한 스파는 또다른 즐거움...주변 올레6코스 풍광도 볼거리를 더한다...\n제주의 풍경과 리조트의 감각이 고객을 압도한다... 담엔 4박을 모두 이곳에서 해야겠다는 생각도 든다... 1박은 온전하게 단지 내에서 특히 객실 내에서 오래도록 고급스러움을 만끽하고 싶다는...~~~'], [4, ''], [4, '오래됬지만 아기자기하게 가꿔진 정원과 조용한 뜰이 맘에 들었습니다\n'], [2, '겨울에 갔는데 가격에 비해서 난방시설이 제일 별로였어요. 사진처럼 깔끔하게 관리가 안되어 있습니다. 전체적으로 시설이 좀 낙후된 모습입니다. 그 외에 직원들은 친절한 편이었고. 조식은 꽤 괜찮았습니다.'], [3, 'Pool Villa Only']]"
오션스퀘어,"콘도,리조트",제주특별자치도 서귀포시 성산읍 환해장성로 667,3.8,https://place.map.kakao.com/1188987883#comment,23,"[[5, ''], [2, '침구류 추가에 1만5천원 너무 과한것 같구요\n날씨때문인지 실내 바닥 찝찝함이 크게 느껴지고\n방에서 쿰쿰한 냄새 심하네요\n침구도 뭔가 촉촉???하네요 뽀송함이 1도 없는'], [1, '시끄럽게 공사하려면 손님을 받지 말아야지. 이 사람들아. 이래가지고 조용히 쉴 수 있겠나.'], [5, '좋아서 다시 가요'], [5, '가격대비 가성비 짱입니다. 1박하기엔 아쉽고 2박 이상 하실분 강추합니다.\n렌트카 여행하시는분은 더 좋구요~'], [2, '기본적으로 숙소 연식이 있어서 사진처럼 깔끔하지 않습니다. 그리고 방에 칫솔치약은 물론, 아무런 어메니티가 없습니다. 아마도 편의점을 같이 운영하시는 사장님의 사업전략인듯하네요.'], [1, '패밀리룸 청결 .. 너무 지저분함 샤워기 녹슨 물때 냉장고 묵은때 바닥 머리카락 등등'], [5, '친구랑 둘다 재방문 의사 있다고 넘 좋다했음.\n마침 수국철이라 리조트에 수국이 가득해서 너무 이뻤고 멋진 노을도 볼 수 있었음. 리조트가 아담해서 뭔가 조용하고 주위도 한적하고 조용하다.'], [5, '조용하고 깔끔하고 친절하고 바로 앞이 바다고....화단도 이쁘고 좋았어요.\n다만 바다옆이라 식당이나 수퍼가기가 조금 거리가 있는게 약간 불편했으나 1층에 편의점이 있어 좋았어요. '], [4, '본관 210호 입니닼 ㅋ \n깨알같은 전면 창+옆쪽 베란다로 오션뷰네요\n패밀리룸에 반해서 온건대....ㅠㅠ\n그나마 오션뷰는 201~203호가 진리입니댱\n패밀리룸은 진짜 대박인 곳.. 여긴 패밀리로 와야함 '], [5, ''], [1, '패밀리룸 숙박했는데 층간소음 심하고 \n방음 하나도 안되는 리조트라 스트레스 받았네요\n창문 닫혀있는데도 윗집 목소리 다 들려요\n여행 와서까지 층간소음 심한 곳이라니... 최악이예요\n'], [2, '수건에서 냄새 나고 방도 너무 좁더라구요.\n침대도 여태 방문했던 호텔에 비하면 좋지는 않은거 같습니다.'], [4, '정말 바다앞 오션뷰 아침에 일어날때 마다 너무 좋았는데 편의점 바로 윗층이라 베란다에 있을때 부담스럽긴 했습니다 ㅎㅎ 조식 전복죽도 너무 맛있었습니다^^'], [5, '바다가 바로 앞에 있고 제주도를 조용하게 즐기고 오기에 딱 좋은 매력적인 숙소에요! 깨끗하고 직원분들도 친절하고 조식도 간단하게 맛볼 수 있어서 만족합니다! 성산일출봉과도 가까워서 아주 좋아요~!^^'], [1, '그렇게 좋은진 모르겠음. 그냥 깔끔한 모텔정도.'], [5, '깨끗하고 11시까지 편의점영업해요 옆방 크게틀어놓은 노래소리는 들립니다 이가격에 이정도 숙소면 재방문의사 100%'], [5, '정말 잘 쉬다왔습니다.청결,조용,예쁨,성서까지 거리좋음,조식도 간단히 빠르게 해결하기 넘좋음~~\n직원분들도 너무 친절하시고요 다음에 위치맞다면 또 갈겁니다~^^'], [5, '친절.청결.편의 가격대비 제주에서 제일 좋은거 같음.\n제주에 10번 정도 온 사람'], [5, '가격,시설청결, 직원분들 친절하고 조식도 심플하지만 깔끔합니다.\n위치는 좀 외진곳일수 있지만 해안도로 바닷가바로옆 조용해서 좋았습니다. 1층에 세븐일레븐있어서 굿!!!\n\n담에 제주 올일 있으면 또 자고싶은곳.'], [5, '가성비 최고의 숙소에요. 다음에도 여기 묵을 생각이에요. 3박해도 호텔,리조트 1박 요금도 안되네요. 성산일출봉은 차몰고 10분이면 갈 위치로 가깝고요.\n직원분들 친절하고 침대 편하고 방 깨끗하고 조용하고요. 난방도 좋아요. 방은 바다전망이라 아침에 바다보고 좋았어요. 밤에는 파도 소리도 잔잔히 들려서 좋네요. 조식은 간단히 먹고 커피 마시고 나갈 수 있어서 좋았고요. 주변에 맛집이 많으니 거기로 가야죠. 1층에 세븐일레븐 생겨서 편리한데 평일에는 일찍 닫아서 영업 시간은 미리 확인하세요.\n숙소 오기 직전 해안도로 가건물에서 해산물 파는데요. 가격 싸고 맛도 좋고 서비스도 좋네요. 테라스에서 바다보며 먹으니 좋았어요.\n개선할 점은 배게 높이가 조금만 낮으면 좋겠고, 옷걸이가 좀 부족하고요. 캐리어 받침대도 있으면 좋겠네요.'], [4, '새건물이라 깨끗하고 주차 공간도 많았습니다. 곧 편의점도 들어온다니 더욱 편리해질 것 같아요. 바베큐도 이용했는데 깔끔했고, 직원분들이 친절했어요.\n아쉬운 점은 방이 조금 작아요. 그리고 일층이 방인 경우엔 밖에서 보이더라구요. 암막커튼있으니 가릴 수 있어요.']]"
취다선리조트,"콘도,리조트",제주특별자치도 서귀포시 성산읍 해맞이해안로 2688,4.9,https://place.map.kakao.com/1105933662#comment,44,"[[5, '제주 혼여객들에게 너무 추천하는 장소 프로그램 꼭 해보시길 바랍니다 '], [5, '3박4일 혼행하면서 묵었던곳. 깔끔하고 조용하고 너무 좋았습니다. 명상 경험도 좋았고 요가는 음.. 평소 하던 요가랑은 조금 다른듯 합니다. 조식도 맛있었어요~ 여자혼행 숙소로 추천합니다.'], [4, ''], [5, '명상 요가 차 등에 컨셉을 맞춘 만큼\n이를 위한 최적의 시설이었고\n다들친절하고 프로그램의 질도 좋았습니다\n'], [5, '신혼여행 중간에 왔는데 100점 만점에 90점!\n\n-청결 : 좋음\n-시설 : 좋음 (단, 같은값의 호텔, 예를들어 신라스테이와 비교하면 당연히 떨어진다. 하지만 서비스와 프로그램으로 그 이상의 값어치를 냄)\n-위치 : 약간 좋음 (성산일출봉이 가까이 있긴한데, 취다선 도보거리에 식당이 많진 않음. 단, 해변이 바로 앞에 있음)\n\n특히 아침 명상, 아침 요가, 티프로그램이 정말 좋고,\n특히 조식은 진짜 완전 맛있으니 꼭 먹기를 추천!'], [2, '마케팅을 잘하는 곳인 것 같습니다. 오션뷰가 맞긴 하나, 외벽 몰딩 때문에 이게 오션뷰인지 외벽몰딩뷰인지 혼동이 올 정도였습니다. 몰딩에 쌓인 먼지와 지저분함을 보느니 커튼을 치는 게 낫다는 생각이 들어 커튼을 치고 지냈습니다.\n\n인생 무엇으로 어떻게 살 것인가. 라는 특강은 취다선 대표자께서 진행 해주셨는데. 취다선의 사업발표회 및 소비공략 이라는 이름으로 강의 제목을 바꾸셔야 할 것 같습니다. 결국 취다선의 홍보에 가까운 강연이었고. \n\n조식도 조미료맛이 너무 강해서. 대체 왜 조식에 대한 평이 좋은 지 이해가 가지 않는 부분이기도 했습니다.\n유명한 맛집인 것처럼 글들이 많았는데, 실제 너무나도 한산한 식당이었습니다.\n\n그래도 좋은 점은 다도에 대한 관심을 이끌어주시는 곳이었습니다. 차를 취하여(도구삼아) 궁극적으로 선에 달하는 것에 목적이 있기에 이 곳 이름이 취다선이라는데, \n그냥 다도원의 목적으로 리조트를 세웠으면 어땠을까 싶습니다. 다도를 알려주고 차를 판매하는 곳으로는 아주 좋은 곳이었으나. 명상과 요가에 있어서는 알맹이가 빠진 껍데기만 있는 곳인 것 같습니다.\n\n물론. 저는 대표자와 대표자 따님의 수업. 즉 패밀리의 수업만을 들어보았기에 다른 초빙 선생님의 요가 명상 수업에 대해서는 다 알지는 못하며 제가 방문했던 시기 개인 경험을 바탕으로 작성하였습니다.\n결론은 마케팅에 우수한 다도원에 가까운 곳으로\n저는 재방문 의사, 주변 추천 의사 0%입니다.'], [5, ''], [5, '바다뷰는 최상급, 명상이나 다도의 시간이 좋았다.'], [5, ''], [5, '명상과 요가를 즐기는 자라면 최고의 공간.'], [5, ''], [5, '힐링되는 공간이고 모두 친절해서 정말 좋았습니다'], [5, '최고 ! 다도하는곳도 너무 예쁘고 요가, 명상도 즐거웠습니다. 직원분들도 친절하세요 ! '], [5, '2019년 봄, 가을 그리고 2021년 3월 벌써 3번째 방문입니다. 입소문으로 인해 사람들도 그때보다 많아진 거 같으나 그 때 계셨던 분들 모두 그  모습 그대로 계셔서 반가웠습니다.\n저번에 왔을 때는 모두 동행자와 함께 였는데 이번에는  혼자 방문하였습니다. 창문너머 보이는 파도를 보며 멍때리기도 하고 행복은 무엇인지.. 어떻게 살아가야 하는지 생각하는 시간을 가졌습니다.\n아침마다 제공되는 조식은 하루를 보낼 수 있는 에너지를 주었습니다.\n지난 번 방문에는 프로그램이 티타임과 동적명상만 했었는데, 이번에는 저녁요가와 아침 차명상에도 참여하여 저의 내면을 들여다 볼 수 있는 시간을 가졌습니다.\n취다선은 이번 여행의 목적이 쉼표인 저에게 여러 프로그램을 통해 나 자신에 대해 생각해볼 수 있도록 해주었습니다.\n- 아침으로는 들깨쑥떡국, 성게미역국을 먹었습니다. 모두 맛있게 먹었습니다. 다만, 반찬을 많이 주셔서 혼자 오는 손님에게는 조금  적게 주셔도 될 것 같았습니다.\n- 주변에 300m 거리에 세븐일레븐과 CU가 있습니다. 세븐일레븐은 방문하지 않았지만 CU는 여느 편의점보다 상품이 많아보였습니다.\n- 취다선에서 가장 좋은 공간은 지하의 명상실입니다.. 밖에 보이는 자연, 무성한 풀처럼 보이지만 그 안에 숨어있는 꽃을 보면 모두 살기 위해 노력하고 있구나..깨닫게 됩니다.'], [5, '1. 차 마시는 프로그램이 가장 인상깊고 깊은 울림을 줬 다. 두번째 좋았던 건 명상 프로그램 (예약 필요)\n2. 지하 1층 다도하는 곳, 명상하는 곳 전부 풍경이 훌륭하다. 편안한 인테리어와 은은한 향이 조화롭다.\n3. 안쪽으로 방을 배정받았는데 바로 앞 건물에 가려 바다가 잘 안보여서 아쉬웠다.\n4. 친절한 고양이 스태프가 한마리 있다.\n5. 바로 앞 건물에서 정갈한 한식을 아침으로 먹을 수 있다. 아침에 일찍 일어나 명상 프로그램에 참여한 후 가면 더 좋을 듯.\n6. 숙소 쪽엔 푸른 초원이, 바로 앞에 푸른 바다가 있다. 상반된 풍경이 더 매력적이었다. 밥먹고 나가서 해변가를 걸으며 광합성 하는 것을 추천한다.\n7. 나의 동행자는 이 숙소를 너무 기대한 나머지 나만큼 만족을 하지 못한 것 같다. 마음을 비우고 평온한 분위기를 즐기시기를!'], [5, '오래 머물고 싶은 곳\n또 오고싶은 곳\n마음속 어딘가 휴식처럼 생각날 곳'], [5, '별 다섯개도 모자란 곳\n제주도  올  때마다 머무를 예정입니다\n오래오래 운영해주세요^^\n감동인 숙소입니다~~'], [5, ''], [5, '성산에서 숙소 찾으시는 분들께 강추드려요. 나중에 부모님 모시고 다시 오고 싶어요. 슬프게도 저희는 신혼여행으로 여길 왔지만 비싸고 고급진 숙소 못지 않았습니다. 방이 넓진 않지만 대형캐리어 2개 펼쳐놓기에 충분했고 조식으로 먹은 들깨쑥떡국 정말 맛있었어요 진짜 엄지척... (전복죽, 성게미역국은 평범 ㅎㅎ) 요가, 동적명상, 다도체험 다 이용해보았는데 다도가 제일 재밌었어요. 소꿉놀이 하는 것 같고 ㅎㅎ 물론 차맛도 너무 좋았구요. 제대로 쉬고 힐링하다 갑니다.'], [5, '명상. 오늘날 나를 돌아보는 계기가 되어서 좋았습니다.'], [5, 'Incredible place to stay if you want to relax and enjy the peace and quiet of Jeju! This hotel focuses on tea and meditation and is perfect for self-discovery. The rooms are clean and comfortable too! #추천웰니스관광지 #wellnesskorea #wellnesstourismsupporters #한국관광공사 #취다선'], [5, 'We really enjoyed our stay. The corner room was the best with views both of the beach and the mountain. A very relaxing stay that was great for me and my daughter. #추천웰니스관광지 #wellnesskorea #wellnesstourismsupporters #한국관광공사 '], [5, '별 다섯개가 부족합니다 \n숙박 시 아침 명상 프로그램 두 가지도 너무 만족스럽고 특히 다도 체험! 체크인 할 때 다음 날 오전 다도체험 예약할 수 있는데 저는 꼭꼭 하시라고 강추하고 싶어요. \n\n제주도 여행 가서 여기저기 돌아다니는 것보다 다도실에서 작은 디저트 나눠 먹으며 평화롭게 이야기 나누는 게 큰 힐링이었습니다. \n\n조식은 리조트 앞 칼국수 집에서 무료로 제공되는데 성게미역국 강추에요. \n\n혼자 오시거나 여행 중 한 템포 쉬고 싶은 분들 \n1층 안내 데스크 옆에 손님용 책이 많은데 좋은 책이 많았어요. 빌려 읽으면 좋을 것 같습니다'], [5, '온전한 휴식을 즐길 수 있는 곳.\n*추천!\n-객실: 4층 (일출보기 좋음)\n-음식: 제주들깨쑥떡국(단백고소), 고등어구이(바삭통통)\n-프로그램: 차실 (팽주와 팽객 체험)\n-귀여움: 취다선 마스코트 까만고양이 \n-카페: 리조트 나와서 우측방향으로 도보10분 거리'], [5, '고양이 너무 귀엽구요... 다도체험이나 명상체험 좋습니다~ 룸컨디션도 괜찮구요~! 방마다 차를 즐길 수 있게 다기가 준비되어있어 아침저녁으로 즐거웠습니다~\n차가 없다면 위치가 썩 좋진 않아요! 택시를 탈 수는 있지만 잘 잡히진 않습니다! '], [5, '세상 마음 편해지는곳\n비록 요가 명상은 못 했지만 \n다음에 더 여유롭게와서 하루종일 있고싶어요\n\n단점은 주차장에서 방이 너무 잘 보여요 .. ㅠㅠ '], [5, '깨끗하고 친절하고 조용하고 제주여행중 최고였습니다'], [5, '리셉션, 객실, 부대시설, 조식까지 모두 완벽했어요. 특히 남자 사장님(?)분 너무 훈훈하고 친절하셔서 기분 좋게 머무르다 왔습니다. 하다 못해 객실에 향 까지 좋더라구요ㅋㅋㅋ 혼자 차분히 여행하는 분들에게 강추*1000 입니다☺'], [5, '진짜최고\n다도체험 꼭 해보시고 아침 요가도 너무 좋아요\n일단 뷰가 미쳤음'], [4, '장점: 프론트 친절하고, 조식 맛있고, 룸 컨디션 괜찮고, 뷰도 좋습니다. 소음도 전혀 안들렸고요. 이것저것 요청 많이 드렸는데 한결같이 친절하게 응해주셔서 너무 감사했습니다. 프로그램도 거의 참석했는데 퀄리티 신경 많이 쓰시는 듯 했고, 다도체험도 재밌고 색다른 경험이었습니다. 그 공간이 너무 예뻐요! 전반적으로 만족하고, 명상과 차에 관심 있는 친구들에게 많이 추천하고 싶습니다. \n아쉬운 점: 메이드 서비스가 아쉬웠습니다. 마지막날 샤워 타월이 없이 작은 수건만 주셨고, 머리카락이 있거나, 변기에 뭐가 살짝 묻어있는 경우도 있었어요. \n또 저희가 간 날만 그런건지, 동적명상 외에 좌선하고 참선하는 프로그램은 많이 없어서, 제너럴한 명상보다는 다도와 동적명상에 더 치중된 느낌. 또 프로그램이 거의 1시간10분 분량이라 좀 긴 것 같아요. 50분만으로도 충분... 그외 에어컨에서 살짝 물이 떨어져서 보수가 필요할것 같아요. 어메니티가 하나도 없는것도 조금은 불편했습니다(만, 아쉬운 수준입니다. 전반적으로 만족했고 잘 쉬었다 갑니다)'], [5, '좋았어요. 담에 또 갈 거예요'], [5, '장점: 프론트 분들도 친절하시고 시설도 깔끔해요! 하지만 무엇보다도 숙박비에 포함돼있는 다도 체험이 신선하고 좋았어요. 창가 쪽 다도실로 배정되면 창 너머로 보이는 습지에서 백로나 꿩들이 먹이 찾는 모습도 볼 수 있어요. (아 그리고 바로 앞 음식점에서 제공되는 조식도 굳굳)\n\n단점: 숙소 근처에 진짜 뭐가 없어서 밥 먹기는 애매했네요 ㅠ 그래도 우도나 종달리 올레1길 가시는 분들에게는 괜찮은 위치인 듯'], [5, '날씨는 안좋았지만 친절한 리조트 직원분들 덕에 잘 쉬고 옵니다. 역시 별점이 좋은곳은 이유가 있군요?'], [5, '작년 가을쯤. 한국에 태풍 올라오고있을때 묵었습니다.\n비행기 결항될까바 하룻밤 더 못자고 그대로 나왔는데\n전화해서 취소안되는지 문의드리니 ㅠㅠ조심히 잘 가셨냐고 걱정해주시고 진짜 너무 친절하셔서 기억에남아요!\n조식에 반하고 객실 뷰에 또 반하고 친절함에 반해서..!\n이번엔 남자친구랑 같이 또 방문할까합니다 ㅎㅎㅎㅎㅎ'], [5, '분위기도 좋고 명상과 다도에 대해서 배울 수 있는 기회가 있어 너무 좋았습니다 제대로 된 힐링을 하고 갈 수 있어서 너무 좋았고 아침에 일출또한 바로 볼 수 있어 최곱니다!\n다음에도 방문할께요~'], [4, '힐링 힐링 그리고 힐링. 뷰, 요가, 시설 만족했습니다'], [5, ''], [5, '고요한 제주 바다 내음과 고요함이 한눈에 들어오고, 건축물 자체가 한국 건축과는 다른 풍이고, 아참에 일소 선생님 녹차 향기가 일품이고, 이어지는 요가 행사  또한 어디서도 볼 수 없는 진풍경이었다. 리조트 이사장님의 친절 또한 잊지 못할 한 토막 추억,  아침에 먹었던 제주 칼국수 해물탕도 잊지 못할 여행 중에 하나였다.  혼자서 다시 가고 싶은 취다선리조트.'], [5, '완벽해요\n다도 명상 너무좋았어요\n제주도오면 무조건 또 올거에요'], [5, '뷰도 좋고 시설도 좋았어요\n명상프로그램과 차 문화(?) 처음 배웠는데 진짜 굳!\n담에 제주도가면 또 갈거예요'], [5, ''], [5, '저는. 사랑하는 딸 소개로 \n취다선 아침명상 3박4일\n삶에 도움 되었습니다\n물론 식사도. 베스트\n다시 가고싶은 취다선 ^^'], [5, '어딜 가나 좋은 향이 나서 좋았어요! 조식으로 주는 들깨쑥떡국도 맛있었고! 다들 친절하시고 ㅠㅠ 다음에 또 올게요 ^-^'], [5, '그냥 최고입니다. 특히 지하에 있는 명상의 tea time은 최고급 호텔을 방불케함.']]"
그림리조트,"콘도,리조트",제주특별자치도 제주시 서해안로 620-1,4.1,https://place.map.kakao.com/10809104#comment,19,"[[1, '6월21일~23일 일정으로 가족 7명이 제주도 여행을 계획하고 인터넷을 보고 공항에서 가까운 그림리조트에 숙박 예약. (방 두 개 42만원으로 예약금 20만원을 요구하여 송금해 주었음)  \n여행 계획이 변경되어 9월21~23일까지로 일정 조정을 요청하여 수수료 없이 일정을 조정해주었음.\n그러나 가족여행으로 한 가족이 갈 수 없는 상황이 발생하여 7월 6일 예약취소 및 환불을 요청하자 2개월이 남았는데도 리조트 대표는 예약은 취소하지만 환불은 해 줄 수 없다고 완강하게 이야기함.  \n그래서 환불 규정을 요구하자 전화로 말했다며 못해준다고 해서 보내준 문자 외에는 그런 이야기를 듣지 못했다고 강력하게 항의하자 반절만 환불해 주겠다고 해 다투기 싫어서 50%를 환불 받았음.  \n문제점1 : 통상 예약금은 전체 금액의 10%정도 인데 그림리조트는 처음부터 47%이상 요구하였음.  (예약금 규정도 제시되지 않고 환불 규정만 홈페이지에 게시)   \n문제점2 : 여행 계획 변경으로 한 번 연장하고, 다시 피치 못할 사정으로 두 달 전에 취소하겠다고 하는데 한 번 연장했다고 환불을 못해 주겠다고 버티다가 계속 규정을 따지자 50%를 환불 해 주었음.    \n문제점3 : 예약 전에는 친절했으나 환불 할 때는 매우 불친절함. (다음에 제주도에 또 갈 것인데~)        \n# 다음 이용하시는 분들은 처음부터 정확하게 확인해야 손해가 없을 것 같습니다.   \n# 다른 분들의 후기를 보니 위치, 시설, 친절도 등을 고려 시 취소를 잘했다는 생각이 드네요.'], [1, '방음이 심각하게 안 좋아요.\n가성비 숙소인거 감안하고 렌트카 픽업지랑 가까워 예약했습니다.\n그런데 옆에 커플들끼리 왔는지 밤새 소리지르며 놀고 떠드는데... 새벽까지 그러더라구요. 무슨말 하는지조차 다 들렸습니다.\n결국 데스크 직원분께 전화드려서 주의조치를 부탁드렸는데도 똑같았습니다.\n이건 옆 객실분들의 무매너 때문이겠지만 숙소 자체가 방음이 진짜 안 되는 것 같습니다.\n결국 그분들 노는거 끝나고 두시간 잤나? (반성하시길...)\n재방문의사 절대 없어요.'], [5, '가격대비 좋았습니다'], [1, '예약을 일방적으로 취소 하고 배째라 하는 곳..그림 리조트'], [5, ''], [5, ''], [5, '진짜 너무 친절하시고 시설도 깔끔해서 좋았어요!!'], [5, '시설 깔끔하고 좋네요~!'], [5, '공항도 진짜 가깝고 청소 상태도 너무 좋더라구요. 요즘 시국에 그래도 안심하고 놀다가 왔어요.'], [5, '시설도깨끗해서 괜찮앗지만~ 무엇보다 바다보면서 수영하는게 너무너무좋았어요~&gt;_&lt; 강추강추'], [5, '가성비갑이에요 ㅜㅜ공항근처있어서 가까워서 예약했는데 생각보다 너무 괜찮았어요 !!\n풍경도 짱이쁘구 특히 야경이 되게 예뻤습니당 ㅎㅎ 남자친구랑 다음에 또 와야겠어용!!'], [5, '정말굿입니다~코로나때문에 힘들었는데 너무 잘쉬다온듯요~가족들과 다녀왔는데 시설도 너무깔끔하고 분위기가 정말좋네요~~~직원분들도 너무 친절하시고 편안하게 잘지내고온듯합니다~~추천올려드려요^^'], [5, '날좋으면 이국적인분위기 물씬 나는 그림나옵니다~ 따뜻할때 한번더 가야겠어요~\n추천드려요'], [3, 'grim 리조트\n\n이래저래 추억 많이 만들어갑니다'], [1, '오래된 모텔'], [5, '가성비 최고 ㅠㅠ \n진짜 깨끗하고 물도 잘나오고 바로옆에 수영장있어요. 코로나때문에 이용은 안했지만 너무 좋더라구요\n바로앞에 바다도 보이고\n공사중이라 조금 시야가 방해되긴했지만 그래도 좋았습니다~~ 비행기소리가 계속 들리긴하는데 ㅠㅠㅋㅋㅋ그래도 그것빼면\n조식도 깔끔하고 서비스도 좋아서 너무 만족했습니다~~'], [5, '그림같은풍경에 깔끔한시설 최고의 휴가였습니다.'], [5, '전망 최고에요!!!!!!!!!! 바다 바로 앞이라 바다 진짜 가까이 보였어요!!!전망이 너무 좋아서 며칠 더묵고 싶었는데 못그래서 아쉬웠어요ㅜㅜㅜㅜㅡ 다음에 또 올께요!!!!!!!!! 테라스에서 찍은사진 남기고 가요~~~~~~~~~~'], [5, '기대했던거보다 훨씬 위치가 좋은 펜션이었어요!! 사진 투척합니다~']]"
라헨느리조트,"콘도,리조트",제주특별자치도 제주시 명림로 374,4.0,https://place.map.kakao.com/8314845#comment,1,"[[4, 'ℹ 라헨느CC 클럽하우스 바로 옆에 위치한 골프텔.\n\n✌ 내부 구조도 편리하게 배치되어 있고 시설도 좋다.\n\n( 사진 - 리조트에서 바라 본 제주시 전경 )']]"
로긴리조트,"콘도,리조트",제주특별자치도 제주시 서해안로 442-11,3.9,https://place.map.kakao.com/18773327#comment,21,"[[4, '로긴리조트 506호에서 1박 머물렀는데\n벌레 두어마리 죽이긴 했는데\n전체적인 청결도나 시설은 만족해요\n자쿠지도 넓어서 두사람이 충분히 쉴 수 있었어요\n다만 주방에 수세미에 전에 쓰신 분 흔적들이\n있는데 교체가 안된 부분은 아쉽고\n로비 직원분들은 정말 더할나위 없이 친절하셨지만\n아침에 11시도 안되었는데 청소하시는 분들이\n그냥 문 따고 들어오셔서 당황했던 기억이 있네요..\n그 부분은 좀 주의가 필요한 것 같습니다\n카페도 편의점도 가까운건 정말 좋아요'], [5, '제주여행 4박5일중 공항에서 가까워 잡게된  마지막 숙소!\n펑점이 낮아서 약간 불안했는데\n방도 넓고 전자렌지도 있고 친절함도 만점 드립니다\n가을이라 그런가 벌레는 없구요\n다음 여행때도 마지막은 여기로 해야겠네요~^^'], [1, '우리처럼 후회하는 사람 없도록 + 빡쳐서 후기 씀\n내 살다살다 숙소가 단수된 적은 처음임 1점도 아까움\n\n21.12.26\n- 여행 마지막날 바다보며 자코지하면서 피로 풀려고 예약함\n- 첨에 체크인해서 시설도 깔끔하고 자코지도 넓고 좋았음\n- 저녁에 자코지 할려고 물 받는데 온수 안나오고 물이 계속 끊김\n- 21시~22시 사이에 샤워라도 하려고 씻는 중에 물 아예 끊김\n- 로비 전화하니 물탱크 물이 다 떨어져서 새벽 1시 넘어야 나온다고 함(숙박업하는 곳이 이게 말이 됨? 이렇게 관리가 안된다고?)\n- 자코지는 고사하고 피곤한데 잠도 못 자게 생겼음 \n- 대안으로 모텔 같은 호텔방으로 옮겨줌(자코지 없고 뷰 별로, 비행기 소리 다 들림)\n- 밤 11시에 눈 쏟아지는데 풀었던 짐 다시 다 싸서 야외로 나가서 방 옮김\n- 제주도 여행 마지막날 좋게 마무리하려했은데 망침 진짜 개빡침\n- 그래서 리뷰 찾아보니 온수가 잘 안나오는 건 디폴트인 듯, 자쿠지 숙소인데 이게 맞음?\n\nc.f) 근데 로비 직원들은 친절함..\n'], [3, '방이랑 다른건 다 좋은데 벌레가 진짜 너무 많아요. 밑에 사진에 있는 벌레들이 진짜 죽여도 죽여도 나와요ㅠ. 청결생각하시거나 벌레 싫어하시는 분은 비추입니다. 그래도 자쿠지는 좋았습니다^^.\n(1층이여서 그랬을 수도)'], [2, '아니 무슨 거기다가 물건놓고가서 보내달라고 해서 보내준다고 했는데 1년동안 안돌려줌ㅋㅋㅋㅋㅋ'], [5, '방 컨디션 좋고 무엇보다 자쿠지가 완전 넓어서 좋았어요 !\n밖에서 보여서 커튼을 다 내리고 이용해야 하는 점이 뷰를 못 봐서 아쉽지만 ㅜㅜ\n숙소 근처에 맛집 카페 편의점 다 있고 바다 구경하고 산책하기 좋더라구요 !!\n수영장도 물이 차갑긴 했지만 적응하고 나면 잔잔하고 깨끗해서 재밌게 놀았어요 ㅎㅎ\n그리고 2박 이상 잡게 되면 다음날 오후에 침구정돈도 해주시고 수건도 새거 주시고 완전 새방으로 만들어주시는데 완전 좋았어요 (!!체크인 하실 때 물어보시니 그때 미리 말씀하셔야 해요!!)\n마지막으로 직원분이 친절하셔서 즐거운 여행이였습니다 :)'], [5, '깔끔하고 고급지고 편안하게 쉬다가용 가족들이랑 왔는데 공항근처 저렴하고 편히 쉴수 있는 숙소에요! 노후된건 아니구 나름 깔끔하고 좋은 시설이네용 추천해요 !!'], [5, '바다가 안보이는 줄 알고 깜놀했는데 바다 보이는 방으로 주셔서 너무 감사했어요. 노후 어쩌구 후기가 있는데 전혀 노노. 정말 깔끔하고 깨끗해요. 로긴호텔에 묵었는데 노후됐다는 느낌 1도 못받았어요. 내일 일찍 공항 가야되서 숙박 잘 정한거 같네요. 도두해녀의 집 전복죽 짱 맛있는데 가까워요. 포장해서 드시길.. '], [4, '처음가는곳이라 걱정했는데\n조용하고 깔끔하고\n깨끗해서 좋았어요~\n'], [3, '위치는 환상적이지만 숙소의 노후정도가 보였습니다'], [1, '4일연박을하는데 16만원씩낸 의미가있었는지 침구를하루도교체안해줌 청소해달라고하고나갔는데안해준날도있어서의심스러웠는데마지막날 침구위쪽에있던 머리카락이그자리그대로있음 며칠내내교체를안해주었단걸알고 전화하니 미리말을해야교체해준다고함 청소가 말이청소지 물건들만치우고 비품만교체하는 더럽고비위생적인곳임 저녁에는 온수도 나오다말다함\n샤워기줄에낀머리카락이4일내내 그대로있고더러워서 다신안옴 일처리도 미숙하고 대충대충'], [5, '한라산이랑 바다가 한 눈에 보여서 좋았고 해안도로에서 약간 안 쪽으로 들어와있어 탁 트인 뷰는 아니지만 조용해서 좋았음. 뚜벅이들에게 교통은 조금 불편한데 용담해안도로가 가까워서 교통 불편이고 나발이고 여기가 짱이라는 생각만 듦. 숙소 깨끗하고 넓고 전자렌지까지 있음 근데 리모컨은 잘 안 먹혀요ㅠㅠ'], [2, '성수기에 예약해서 다소 비쌌는데  수영장 운영시간도 너무 짧고 바닷바람 불어서 너무 추웠음,자쿠지도 월풀기능이 안됨, 조식은 계란국이 나왔는데 너무 부실함  계란국에 오로지 계란만 풀어서 나옴 ,정말  일반 백반도 못한 식사 ,객실은 취사시설 무난하고 테이블도 있어서 좋았음 ,그리고 여기는 체크인전에는 수영장 이용 못함  수영장 이용시간이 짧아서 다시 가기 꺼려지는 곳'], [5, '연인, 친구, 가족끼리 다시 찾고 픈 숙소로 기억할듯\n해안 도로도 가깝고\n바다가 가깝고 편의시설이나 식당, 카페들이 비교적 가까움'], [3, '방음이 심하게 잘됨.'], [4, '깨끗하고 방에서 바로 바다도 볼수 있으니까 좋아요 '], [5, '공항과 가깝고 용담동해안도로 앞이라 좋아요\n시내와도 가깝고\n시설은 가격대비 만족합니다'], [5, '여기는 진짜 짱이에요 스파욕조도 너무 좋고 환경 위치 다 좋아요 주차장도 넓고요 첫날밤만 묶으려고했는데 너무좋아서 마지막날에도 몪게 됐어요 공항이랑 가깝고 5분 좀 걸어가면 바다 나와요 전체적으로 너무 만족스러웠어요^^~~~~다음에도 제주도 오면 여기로 연박할게용ㅋㅋㅋㅋ'], [5, '5인가족이라 찾다찾은 로긴리조트 우선직원들 친절하고 수영장도 깊이가 있어 좋고 스파욕조가 커 더욱 만족 연박하고 있는데 하루더 했으면 좋겠네요'], [5, '깔끔하고 넓고 위치도 아주 굿'], [5, '너무 깔끔하고 좋네요']]"
애월스테이인제주,"콘도,리조트",제주특별자치도 제주시 애월읍 애월해안로 708,4.4,https://place.map.kakao.com/1299493065#comment,23,"[[5, '지난 4월 가족여행으로 방문했었네요\n가성비 철철 넘쳐흐르는 리조트입니다 늦봄이라 벚꽃은 다 졌고 유채꽃도 끝물이었는데 리조트 뒷편에 유채꽃밭이 있어 사진 포인트로 좋았습니다 리조트 앞 돌염전에서 보는 석양도 정말 좋았구요 재방문 당근입니다 내년에도 꼭 방문하겠습니다'], [4, '어른들 모시고 가기에 최적인것같아요.\n3층 이용했는데 엘리베이터 앞이였음에도 불구하고 굉~장히 조용했습니다 ㅎㅎ\n\n습할때는 주변에서 악취가나요;ㅜㅜ\n조식은 조금 아쉽습니다.\n\n룸 정돈도 너무 잘해주셔서 감사했습니다!\n(화장실은 물이 잘 안빠지더라구요, 심하진 않았어요!)'], [4, '다 좋은데 방음이 최악이에요. 위층에는 고릴라가 사는지 계속 쿵쿵거리고 지금 밤 12시인데 앞 객실에는 까마귀가 묵는지 깔깔대는 소리가 방 안에서도 엄청 선명하게 들려요. 복도에서 놀고 있는 줄 알고 문까지 열어봤어요.'], [5, '좋아요\n만족하실겁니다'], [4, '가격대비 좋아요 근데 천장과 벽에 모기 사체 같은게 좀 여러개 붙어있고 베개 커버 안에 머리카락이 있었어요 ㅠㅠ 큰 기대없이 하루 머물기에 괜찮은 숙소 같아요'], [5, '좋음'], [5, '숙소 진짜 최고입니다 \n진짜 굳이 단점 하나 뽑자면 샤워기 수압이 엄청 쎄지는 않다? 그것빼고는 완벽&hellip;\n오성급 호텔수준 아닐까요&hellip;\n진심 앞에 바로 바다지 깨끗하지 데스크 직원분 친절하시지\n저도 지인추천으로 왔는데 \n지금상태로 변함없다면 제주도 올때마다 무조건 1박 합니다&hellip;. 진심 쵝오 \n특히나 가족단위 추천'], [5, '숙소도 깨끗하고, 바다도 바로 앞이고, 방도 넓고, 조명도 밝고, 숙소 1층에 CU도 있고, 주차장도 넓고 직원분들도 친절했어요!! 전체적으로 좋았습니당'], [5, ''], [3, '리도트 2박 하고 있는데..\n층간 소음이 너무 심합니다&hellip;\n관리 안 하시는거 같습니다.\n관리해주세요.\n층간 소음 빼고는 만족합니다\n'], [5, '아니 평이 왜안좋지? 제주에서 가성비갑 호텔임\n주차장이 협소한거빼고 다만족!!!'], [5, '숙소에서 본 해질녘'], [5, '숙소 넓고 좋음 . 방음은 아쉽 ㅠㅠ 그래도 참 잘 묵었던 숙소 .'], [5, '제주도 갈때마다 무조건 여기로 예약할정도로 직원들 모두 친절하시고 위치도 좋고 깨끗하고 너무 만족함\n에어컨 빵빵하고 청소해주시는 여사님분들도 너무 친절하시다\n지인 모두에게 추천할정도로 넘 좋았음 ㅠㅠ'], [4, '조식 굿 다양한 음식 나와서 좋았습니다.\n청결하고 괜찮았습니다 다만 층간소음은 좀 있네요'], [2, '별관 1층 기준.\n장점 저렴하다, 넓다, 테이블과 의자가 있다.\n단점 침구류에 먼지가 너무 많다, 기계인지 보일러인지 소음이 심하다.'], [4, '오션뷰는 못 구했지만~ 별관도 주차 편하고 아주머님 친절하시고~깨끗하게 리모델링 되어 좋았어요~ 앞에 보이는 바다 너무 이쁘네요~~근데.. 벌써 모기가 많네요~'], [5, '친절하고 가성비좋아요. \n룸업글도 감사드려요^^\n조식도 깔끔하고 좋음^^'], [5, '그냥 좋으니 꼭 여기 묵으세요. 가성비 갑'], [5, '일단 도착했을때 친절하게 설명해주셔서 좋았음.\n방도착해선 내부 인테리어 새로해서 깨끗한 느낌이 좋았고,\n매트리스는 탄탄해서 편하고 베개도 침구도 깨끗한느낌.\n그릇이랑 조리도구 수저 빗 옷걸이 다른숙소에는 잘 없는것들도 구비되어있어서 편합니다. 조식도 깔끔하고 괜찮았어요.\n전체적으로 신경을 많이쓰고 있구나 느껴집니다. \n'], [5, '저번에 갔는데 이제 후기 남기네요. 밤과 낮의 온도차이 입니다. 제주 와 나무, 바다, 달. 감성적이구 좋네요'], [3, '깨끗하고 방이 넓고 침구도 뽀송함 직원분들도 친절!!\n벗뜨 방음이 안되는지 윗층인지 옆객실인지 아침까지 계속 쿵쿵 쾅쾅 뻥 계속 들려 한숨도 못잤어요'], [4, '새롭게 리모델링해서 전체적으로 깔끔하고 좋았습니다. 특히 바다뷰 좋았고 호텔 위치가 깡패네요.\n(아직 마감이 부족한 곳이 몇곳 있지만..)\n\n가성비 굿이였습니다. 아쉬운 점은 주변 인프라가 없다는 점?\n']]"
썬앤문리조트,"콘도,리조트",제주특별자치도 서귀포시 안덕면 사계남로 102,4.5,https://place.map.kakao.com/1460066976#comment,31,"[[5, '너무 만족하고 갑니다.\n아이들  모래놀이도 잘했고 날이 쌀쌀해  수영을 못했지만  욕조에서  애들 물놀이도 재밌게했어요. 앞에 사계해변이랑 너른잔디밭..사진도 잘나오고 시설관리 너무잘되있어  깨끗하고 조식도 너무 좋아요.^^\n'], [5, '좋은 기억이 남았던 숙소였습니다.\n인생을 살다보면 기억이 남는 장소나 시간이 있는데 이번 기억들이 앞으로도 생각이 될 것 같네요.\n아름다웠던 바다\n싱그러웠던 바람\n상냥했던 사람들 \n참으로 뜻깊었던 머뭄이였습니다.\n이 기억들로 더 힘찬 하루들을 보낼 것 같네요.\n기회가 된다면 다시 한번 묵으러 오겠습니다.'], [2, '여기 왜좋다고 하는건지 너무 신기함.\n2박했는데 지인가족한테도 얘기해서 여기로 숙소 잡게했는데 미안해죽는줄ㅠ\n방은 작고 신발 벗는곳도 작고 원룸형이라 좁아터짐. 사진만 그럴싸함. 층간소음 심함. \n조식은 괜찮았음.'], [5, '침구도 깨끗하고 객실이 전체적으로 깔끔해서 좋았어요.\n포근한느낌이 들고 잔디마당은 넓어서 따로 나가지를 않았네요.\n힐링하기 좋은 숙소여서 만족했습니다.'], [5, '회사 워크숍으로 왔었는데 다음에는 아이들하고 와야겠어요.\n잔디가 넓어서 아이들이 좋아할것 같아요.\n잔디에 마냥 앉아서 바다보는데 너무 행복하네요.\n만족스러운 숙소였습니다.\n강추!!!!!'], [5, '뷰 최고... \n바다 바로 앞 숙소에\n아침 일찍부터 잔디관리하시고  제주도에 갈 때도 꼭 방문하려구요~ 너무 힐링되서 갑니다!'], [1, '별루에여 기분만 상하고 왔어요 '], [5, '여긴... 찐입니다.\n\n직원분들 다 친절하시고 뷰는 어마어마 합니다 진짜 감동입니다 \n아침 조식도 의외로 푸짐해서 놀랬습니다. \n덕분에 힐링하고 갑니다 강추 '], [5, '직원분들이 굉장히 친절하세요. 뵐 때 마다 굉장히 기분이 좋아져요 \n조식도 룸서비스로 시간맞춰 갖다주시는데 정말 만족스러운 조식이고 \n리조트도 잘 되어 있고 날씨만 좋았다면 더 예뻤을거에요. 바로앞에 올레길이 있어 산책하기 쉽고 \n뷰도 정말 예뻐요\n단 하나 아쉬운 점이 있다면 \n수영장을 기대하고 갔는데 수영장 수질이 좋지 못했던 점과 생각보다 너무 얕고 작은 수영장이요 그래도 정말 잘 쉬고 갑니다 만족스러워요'], [5, '일출 끝내줍니다 그리고 송악산까지 가는 길이 정말 아름답습니다 꼭 걸어가보시길 추천합니다'], [5, '처음에 찾아갈 때는 호텔/리조트가 있음 직 하지 않은 골목으로 들어가길래 걱정을 했는데, 막상 가서 리조트로 올라가는 순간 뷰가 환상적이었습니다. (동남아 호텔의 정문 후문 분위기가 확 다른 그 느낌) 직원 분들은 과하리 만큼 친절하셨고, 아침 조식도 양과 질이 훌륭했습니다. \n\n도착한 날 운 없게도 옆 건물이 공사를 해서 소음이 있었는데, 잘 협상을 하셔서 공사를 3일간 멈추게 해주시는 센스까지! 잘 쉬고 즐기다 왔습니다~'], [5, '한겨울 눈이 펑펑 내리는 날 디럭스 스위트룸에서 2박으로 숙박하고 있는 중이예요. 객실 내 관리 잘 되어서 깔끔해요. 화장실에서 약간 물비린내가 나는 편이지만 무난하게 넘어갈 수 있는 정도예요.\n객실 내에 있는 어메니티와 수건, 생수는 말씀드리면 매일 새로 갈아주고 청소도 매일 해주세요. 무엇보다 나오면 바로 앞에 바다가 펼쳐져 있는데 진짜 장관이예요. 프론트에서 횟집이나 맛난게 알려달라고 하면 친절하게 알려주세요. 조식....진짜 대박 맛있어요. 룸서비스로 가져다 주세요. 전체적으로 추천드리는 숙소입니다.'], [5, '사장님이 정말정말정말 친절하시고, 룸컨디션 너무좋습니다! 정말 깨끗하고 뷰도 앞이 해안도로라 뻥뚫려있어요 조식도맛있고 귤이 특히너무맛있었습니다\n방도 진짜 따뜻하고 좋았어요\n이틀연박했는데 보통 방안치워주시는데 방도치워주시고 물도2병채워주시고 화장실에 수건도 새걸로 다채워주셨더라구요 방치워주시는줄모르고 정리도안하고 나갔는데 죄송하고 감사합니다:)\n체크아웃할때도 밝게인사해주시고 사장님 아마아드님과 어머님같은데 서비스가넘좋아서 기분좋게 여행하고갑니다^^\n\n넘칭찬만하면 광고아닌가?생각하는분있을까봐 살짝아쉬운점 더합니다\n+화장실향기가 좀셌어요ㅜㅜ제가향이 민감해서 무향을좋아하는데 화장실에서 향기냄새?가 나서 이부분은개선되면 좋을 것같아요\n+창문여는게 작아서 환기가 조금어려워요화장실쪽 창문열어 맞바람치긴하는데 방이 뜨끈해서ㅋㅋ창문이좀 커도좋았을듯해요\n\n사장님번창하세요'], [1, '티몬에서 방이 떠서 결재후, 예약확정됐다고 연락와서 예약하려던 다른숙소다 취소했는데, 그 다음날 숙소측에서 연락와서 방이 없다고 예약을 취소하든지, 3만원 더내고 넓은 방 이용하라고 하네요. 아니 뭐 이런 경우가 다있냐고 하니까 여행사하고 실시간 연계가 안되서 그렇다고 당당하게 얘기하는 답변에 참 말이 안나오네요. 숙소는 여행사한테 자기들 방 팔아달라고 계약한거 아닌가요? 숙소에서 여행사한테 방 정보제공 하는거 아니냐고요. 왜 오버부킹된걸 여행사한테 얘기해서 해결안하고, 고객한테 전화해서 취소시키는걸로 해결하나요? 항공권도 오버부킹되면 양해구하면서 무료로 좌석업그레이드시켜주는데.. 방이 없는것도 아니고 참나.. 숙소이용까지 2주 반 남았는데 아직 날짜많이 남았다고 당당하게 얘기하는 직원태도에 다시 생각해도 열받네요. 괜찮은데는 이미 다 풀부킹이라 예약도 힘듭니다.. 평점높고 그래서 예약하기도 힘들었는데 겨우 겨우 예약돼서 와이프랑 좋아했는데..짜증나네요. 뭐 잘나가는 숙소라서 그 넓은방도 금방 차겠네요. 그래도 그러는거 아닙니다! 썬앤문 언제까지 잘되나 봅시다.'], [1, '비와서 우산빌려달라 했더니 대여 회수 안됐다고 하더니 방중간 관리실 열려있어서 7.8개 우산 있어서 저건 뭐냐고 했더니 열어서 보면 안된다고 이상한소리하고 물두개 준거는 뚜껑둘다 열려있고 위치 방 다좋은데 직원들 서비스 마인드가 아주 꽝이네요 ㅠ'], [5, '제주도에서 이런 멋진 숙소가 있다니\n진정한 뷰 맛집이네요 ^^\n숙소내부도 깨끗했어요\n다음에도 꼭 오고싶네요'], [5, '숙소 너무 좋고 분위기 좋아요ㅠㅠㅠㅠㅠ \n딱 그 제주도 감성 그대로인 리조트&hellip;\n직원분도 짱 친절하심 (사장님이신가?) \n근데 엄마가 서울 와서 말해준건데 지네 있었다함 \n몰랐음 거의 원효대사 해골물임 \n그럼에도 불구하고 재방문 의사 있음 \n\n'], [5, '조식도 깔끔하고 맛있게 해주시고\n일몰과 일출을 둘다 볼수 있어요.\n객실에 청소 상태도 깔끔해요.\n2박 했는데 이게 힐링이다 했어요'], [5, '산방산과 사계해변 방향으로 조금만 걸어가면 식당과 까페들이 꽤 많습니다. 맛도 다 좋아요. 숙소 뷰도 좋고 사계해변도 예뻐서 다른 해변들 멀리 찾아갈 필요가 없었어요. 사장님은 물론이고 직원분들도 다 너무 친절하고 매일 방청소 해주셔서 숙소에 다시 돌아오면 기분이 좋고 편했습니다. '], [5, '가격대비 만족하는 숙소입니다 4.5점 정도 인거 같은데 ㅋㅋㅋ가격을 생각하면 5점이욤..  일단 위치가 좋고 조식이 굿굿'], [5, '바다를 품고 있어 좋아요.\n사장님과 직원분들도 친절하셔서 기분이 좋아지네요.\n제가 아메리칸식 조식 별로 안 좋아하지만 샌드위치와 커피 넘넘 맛났어요\n바로 앞 사계해수욕장이 앞에 있어 좋아요.\n수심도 깊지도 않아 놀기도 굿이네요.'], [5, '단점- 교통은 시골안쪽까지 들어가는 느낌이들지만 바다가 바로앞이라 그정도는 감수할정도로 풍경이좋음. 끝.\n장점- \n1. 대표님과 직원분들 정말 너무너무 친절하심.\n2. 신라호텔예약하려다 이곳에오길 정말잘했다고 수백번 생각이듬. 그냥 여기서 평생 살고싶다..\n생각이 들정도.\n3. 1층이 제일 좋은방이지만 나머지방들도 괜찮~\n(방이없어서 방을 세번 옮기며 지냈음..)\n전부 깨끗하고 어디방을써도 바다 일출 한눈에들어옴\n4. 전경에비해 가성비도 좋다고 생각함.\n (신라호텔 5박6일 바다보려면400이상 들어감.)\n마지막으로-\n김미향대표님! 신혼여행와서 정말 잘있다 갑니다~^^ 신혼여행이라고 방도 이쁘게 꾸며주셔서 감사드려요~ 와이프가 방보고 너무 좋아하더라구요^.^ 나중에 아기와 제주도여행 다시올때도 잘 부탁드리구. 다시한번 감사드립니다.'], [5, '멋져요'], [5, '풍경이 너무 좋고 친절합니다'], [5, '5점이 아쉬울정도. 차잇으면 강추. 직원들도 너무 친절하시고 아침도 가져다주심. 진짜 뷰가 최고임'], [5, '너무 편하고 좋아요! 시설이 세심하게 잘 갖춰져있어요!\n강추!!'], [5, '뷰 최고 객실 깨끗 파도소리 예술 ㅎㅎ\n재방문 하고싶을만큼 좋습니다'], [5, '평점 높은데는 다 이유가 있는 법. 망설여지시면 예약하셔도 됩니다. 산방산 근처의 고즈넉함을 느끼시려면 추천합니다. 주변 음식점들이 참 비싸기만합니다. 맛집이 근처에 없는게 흠이고. 차로 이동하신다면 별 불편함없겠네요. '], [5, '소규모 리조트에서 특급호텔에 온듯한 서비스를받았습니다\n경치도 끝내주고 날씨빼고는 모든게 완벽햇어요'], [5, '흡연동 비흡연동 구분됨\n흡연동에서 지냈는데 방에서 일출이 끝내줌.\n먼 곳 관광하는건 모르고 이 근방에서만 지내기엔 최고 숙소.\n산방산, 송악산 다니며 힐링하기 최고\n\n조식은 아침 8시쯤 방으로 빵과 커피,쥬스 오는데\n맛있는데 2일간 같은거 왔어요. 참고하시길'], [5, '사장님께서친절하시고\n숙소 오션뷰 모두만족\n수영장뷰 오지고지리고레릿고\n최대한높은층가셔야 더좋아요']]"
클럽이에스 제주리조트,"콘도,리조트",제주특별자치도 서귀포시 1100로 501,4.6,https://place.map.kakao.com/1134059644#comment,13,"[[3, '조용한 입지 풍경 자유롭게 풀어놓은 토끼, 다좋왔지만 윗층에 어린이 동반 가족 잘못 만나면, 층간소음 쉐벌 개욕나옵니다. 그리고 조식뷔패 음 이건 아니지 아냐'], [5, '뭔가 심심한듯 하면서도 평화롭고 조용해서 잘 쉬다왔습니다. 다음에 올때는 천문과학관도 예약해서 별도 보고 와야겠네요. 파파스브로트 주인 부부분들이 무척 친절하셔서 식사가 즐거웠습니다. '], [5, ''], [5, '유럽인 줄.. 유니크한 외관과 동물들, 자연친화적인 환경, 친절하고 여유로운 직원분들. 부모님과 편안하게 잘 즐기다갑니다. 개미와 낙후된 시설을 신경쓰지 않는다면 최고예요. 여름에는 덥고 각종 날벌레가 있을 거 같긴해요. '], [5, '분위기 깡패 유럽풍 알파인리조트\n가성비도 좋음\n당연히 재방문하려고 다음 일정도 예약해버림.'], [1, '전망이 매우 좋았고 자연친화적으로 설계된 건물들이 마음에 들었다.\n다만 직원들의 고객응대는 매우 불만족 스러웠다. 월급이 적어 열심히 할 의욕이 안나거나 지배인이 놀거나 둘중 하나일듯'], [5, '최고예요 룸 컨디션도좋고 경치도좋고\n아이들과 바로앞 천문대도 좋았어요'], [5, '차만 있으시다면 완벽한 숙소에요. 공기도 좋고 본관 옥상에서 내려다보는 경치는 정말 최고랍니다. 뚜벅이들은 좀 고생스럽지만^^ '], [5, ''], [5, ''], [5, '리조트단지 입구부터 부모님이 좋아하심\n주변 조용하고 자연친화적인 구조물들\n객실뷰도 식당뷰도 좋고 아침식사는 16천원주고 이걸 사먹진 않겠지만 인터넷 예약 시 2인무료니까 ㅎㅖ자\n목장에 강아지들이 줄에 안묶여잇음 더 좋았겄지만 그럼 애기들이 탈출하겟지?\n재방문 의사 이백퍼!!\n담엔 더 바다에 가까운 쪽 동으로!'], [5, 'ES 리조트 중에서 가장 최근에 지은거라 룸컨디션이나 시설상태가 아주 양호함. 멀리 바다가 보임. 주변에 아무것도 없어서 매우 조용하고 차분함. 위치가 중문에서 가까우면서도 제주도 중앙 즈음에 있어서 여러 곳 다니는데 동선 짜기가 좋음. 정원, 목장, 야외수영장, 놀이터, 무료게임장, 매점, 조식/석식 가능한 식당 있음. 객실마다 와이파이, 에어컨 잘됨. 전자레인지, 전기포트 있음. 편의점은 해안쪽으로 차로 5분 정도 내려가면 사거리에 CU 하나 있음.'], [5, '온전한 휴식을 느끼게해주는 기분좋은곳.\n무지게 계단에서 딸의 인생샷 건졌습니다.'], [4, '']]"
제주리조트,"콘도,리조트",제주특별자치도 제주시 애월읍 가문동상4길 11,4.0,https://place.map.kakao.com/23707246#comment,15,"[[1, '층간 소음♬♪♬ 심함 \n진짜 환불 받고싶다 \n겉만 멀쩡 하지 방음 한개도 안됨 쓰레기같음\n'], [5, '프론트 직원분들이 무척 친절하시고\n객실내부가 무척 깨끗했습니다\n한적한 위치에 있어서 주변이 조용해서\n좋았습니다 '], [2, '여러 후기 찾아보고 방문했는데... 비추해요.. 청결도도 떨어지고(침구류에 먼지, 머리카락 조각 있었음) 방음도 안되었어요. 무엇보다 룸 키가 열쇠인데 별도의 잠금장치도 없었습니다.'], [4, '5층 복층방에서 1박 했습니다.\n위치 풍경 청소상태 다 좋았는데, 침대가 너무 삐걱거려서 잠을 제대로 잘수가 없었어요.\n한라산 백록담을 갔다와서 피곤한 상태였음에도 조금만 뒤척여도 삐걱대는 침대 프레임 소리가 무척 심했어요. 이런 침대 처음 봤어요. 차라리 바닥에서 잘걸하고 아침에 후회했습니다.'], [3, '늦게 도착했는데 어느 중년여성 분이 체크인 도와줬는데 너무 무표정 하더라구요.. 와이파이 안 되더라구요.. 가격대비 무난합니다..ㅈ'], [5, '여기에 단점이 있을수가 있을까 싶음\n정말 깨끗하고 넓고 관리 잘하는 곳이다 느껴졌고 \n화장실 환기구도 힘펠이고 가구들도 튼튼하고 싸구려 아니고 가격대비 아주좋아요\n\n다만 층간소음은 진짜 있네요 제일 윗층인데 쿵쿵소리나서 역시 층간소음은 아래층서도 올라오는구나 재확인'], [5, '5층 복층에서 2박했는데 깨끗하고 뷰가 너무 좋았어요. 복층 침대 공간 외에도 공간이 남아 거기서 4명이 잤어요~~^^'], [5, '방금 다녀왔는데 정말 좋았어요 ♡'], [5, '가성비 갑! 버스 정류장과도 가깝고 이동하기 편한 위치입니다! 난방도 잘되고 수압 방음도 괜찮아요!! 혼자 묶는 것 보다 여럿이서 묶는게 더 좋은 가성비 리조트입니다'], [4, '사진빨은 좀 있지만 가격생각하면 만족스럽습니다 \n창문은 좀 닦는게 좋겠습니다 예쁜 뷰가 지저분해 보이네요 \n일주일쯤 묵게되면 여기서 숙식해결하면 좋을거같네요 '], [5, '가성비갑...! \n둘이서 썼는데 겁나 넓고 뷰도 좋음\n거실은 조금 추웠는데 또 방은 따뜻했음'], [5, '동서남북 특히 바다가보이는뷰가 최고입니다 어머님 모시고 5인 가족으로 왔는데 내부도 편한하고 깨끗해서 정말 좋았고, 리조트 관계자분들 친절함에 감동했습니다. 다음에 다시 꼭 오겠습니다 잘쉬었다 갑니다'], [4, '괜찮네요\n깔끔해요'], [3, '일단 넓직한 실내와 바다전망은 너~~무 좋았어요.\n취식도 가능하고요. 근데 침대가 너무 푹 꺼져있어 첫날은 허리가 아파 두째날 바닥에 까는 요를 요청해서 주셨는데.(대응은 다 친절하고 신속하게 해주셨어요)\n요마져도 울퉁 불퉁. ㅠ.ㅠ 남편하고 맨바닥에서 자기로 했어요. 침대컨디션이 수면이 미치는 영향이 크지 않으신 분만 찾아오시기를. '], [4, '깨끗하고 넓고 좋습니다\n다만 소음이 위, 옆 심함니다~\n전 1층 102동에서 묵었네요~']]"
젠하이드어웨이,"콘도,리조트",제주특별자치도 서귀포시 안덕면 사계남로 186-8,3.7,https://place.map.kakao.com/25412000#comment,38,"[[5, '모든 점이 최고였습니다.\n맛,뷰,음식양...가성비 최고.\n숙박도 해보고 싶은데 2인 기준이라.ㅎ\n\n산방산 가실 일 있을 때 강추합니다.'], [1, '음식진짜&hellip; 너무 짜고&hellip;. 하.. 두번다시 안가요.. 뷰만 좋아요 '], [5, ''], [4, '여긴 정말 모든메뉴가 너무 맛있어요!! 뷰도 넘 멋진데 아쉬운 점은 금년엔 가격이 올랐네요?! 스테이크가 2마넌이나 올랐어요 ㅜ 그래도 맛있으니 먹는데 소비자로서는 참 아쉽습니다. 그리고 멋진 뷰 가까이서 즐길 수 있게 예전에는 1층 문을 개방해 두셨는데 이젠 1층 문을 폐쇄 시켰어요. 아예 건물 밖을 나가 돌아서 가게 해 두셨는데 크나큰 메리트가 없어진 느낌이라 이 또한 아쉽습니다 ㅜㅜ'], [5, '여기서 단호박 스프는 필수 ..'], [1, '평벙한맛에 무슨자신감에 \n가격이그렇게비싼지?한끼식사하기엔~\n불친절에  멀리서찿아간걸후회하고왔네요'], [4, '경치 좋음\n\n기지개피다 도자기 깨기 쉽게 생김\n백만원 하는걸 파손매출 잡으시려나'], [5, ''], [3, '맛있음 경치좋음 깜깜한 밤보단 어느정도 경치를 볼수있는 시간대에 가는 걸 추천\n직원 응대는 약간 별로였음 대충대충 딱딱한 느낌\n'], [5, '두번 방문했음\n바질페스토 파스타가 정말 맛있음\n1인 1파스타하고 그릇 싹싹 비움\n뷰도 멋지고 직원 응대도 친절함\n가격대 높은 편임-바질페스토 파스타 19,000\n\n\n★ 절대비추 지인이게 가지 말라고 할 집\n★ ★ 재방문의사없음/ 평범 혹은 그 이하\n★ ★ ★ 괜찮음 누가 가자고 하면 다시감\n★ ★ ★ ★  맛있음 재방문의사 있음\n★ ★ ★ ★ ★ 추천 찐맛집'], [5, ''], [4, ''], [4, ''], [1, '직원불친절, 음식별로지만 뷰가 예뻐 2번째 방문했는데\n창가자리가 아니면 뷰도 그럭저럭이였어요'], [5, '사계리해안을 전망하는 유일한 카페.\n뷰 맛집. 커피도 케잌도 맛남. 가격은 있음 ㅋ\n하지만 값어치을 해서 담에 부모님 모시고 올 예정.'], [3, '들어가자마자 내부 인테리어랑 통창으로 보이는 바다가 너무너무 예뻐서 첫인상은 100점이었는데\n나오는 음식마다 맛이 없고 \n심지어 디저트로 먹은 민트초코 케이크는 맛없기가 오히려 더 힘들 것 같은 메뉴인데 맛이 없어서 진심 놀랐어요 ㅋㅋ 근데 심지어 다 비싸요.. 이 가격에 이 퀄리티라니 조금 기분 상할 정도. \n다행히 커피는 괜찮았어요. \n밥을 다른 곳에서 먹는다면 차 마시며 바다 보러 가기엔 괜찮은 곳 같아요^^ 뷰가 짱짱! \n주차하기도 편해요. '], [5, '뷰도좋고\n음식도좋아요.\nㅎㅎ     \n'], [5, '뷰가 정말 압도적으로 좋습니다. 서버분들 기본적으로 친절합니다. 음식 맛있네요!'], [5, '역시 산방산 주변의 최고의 뷰, 최고의 요리는 이곳이다. 다양한 요리가 나오는데도 완벽한 맛을 내니 너무나도 감동적임.. 몇년만에 왔는데도 정말 태국에서 먹는거만큼 맛잇는 똠얌과 볶음밥.. 먹어본 바질파스타중에서 다섯손가락 안에 드는 파스타.. 감동 그자체! '], [5, '완벽합니다!!'], [3, '한적함과 뷰만 보고 가야함.\n뷰 별5\n음식 별1\n평균내서 3점으로 퉁..'], [1, '인테리어 와 뷰만 좋습니다.  이제 망할때가 됐나봅니다. '], [1, '싸가지가 없음 . 레스토랑응대를 이렇게 형편없게 받아본 적이 처음이다 \n코로나로인해 거리두기지침이 심해진건 사실이지만 매니저인지 뭔지 그 사람이 말 하는게 최악. 코로나 걸린 것도 아닌데 코로나 취급 당하는 느낌이였다\n0점이 없어 아쉽다; '], [1, '뷰는 정말 좋습니다만 음식이 최악\n샐러드: 1.6만원인데 그냥 풀 몇개에 시저소스 뿌린게 전부 ㅋㅋ그래도 이게 제일 나은 음식일 줄이야..\n애플시나몬 피자: 피자 좋아해서 웬만한 피자는 ㅇㅋ인데 정말 간이 하나도 안맞고 이건 뭐.. 추천메뉴라고 말해준 알바생한테 먹어보라도 말하고 싶음\n빠예야: 소스가 흥건 해산물 신선도 최악\n\n그냥 커피만 드시면서 뷰만 감상하시길'], [5, '뷰도 음식도 최고'], [4, '커피도 밋잇고 조망도 멋지고 쇼파는 아는해요.\n오랜시간 머물어도 아주 편한곳.아이들델고가도 좋아요'], [2, '젠하이드어웨이 커피숍 뷰는 좋지만 \n당근케익은 맛 없었음 ㅠ 커피맛도 그닥 ㅠ '], [4, '뷰가 정말 좋아요 동남아 느낌 물씬\n음식도 깔끔하구요 직원분들 친절해요.\n아기가 울어서 죄송했는데 불편하지 않게 잘 도와주셨어요!!!'], [4, '7월 13일 기준 수영장물이 차가워서 오래 수영을 못했어요\n온수풀이었으면 좋았을것 같아요\n아침도 맛있고 바다뷰도 좋아요\n복층 예약했는데 뷰는 2층이 좋고, 1층에서 바로 수영장 갈수있어서 편리했어요'], [5, '똥손이라 사진 잘 못찍어요 \n넘 조아여 숙소ㅜㅜㅜㅠㅠㅠ!!!!\n한국에서 가본 숙소중 Top3 안에 듭니당 '], [1, '뷰는 좋으나 음식이 방문할 수록 별로네요. \n식전빵도 오래된 느낌, 피자는 밀가루가 익지 않아 냄새나고, 직원들도 그다지 친절하지 않아요. \n식당가면 웬만하면 그러려니 하고 이해하고 넘어가는데...\n돈이 너무 아까움. '], [5, '뷰도 좋고 인테리어도 좋았습니다. 또 와서 묵고 싶어요. '], [1, '가격 대비 음식이 너무 형편 없고 직원들 태도도 맘에 안 듭니다. 해산물 재료도 신선하지 않아 역한 냄새 때문에 먹다 뱉은 게 몇 개 됩니다. 다시는 안 가고 싶고 추천하고 싶지도 않네요. \n아이가 물 쏟았다고 엄청 인상 쓰면서 대충 닦다 말고 가서 직접 다 닦았네요. '], [5, '산방산 아래 용머리 해변까지 한눈에 보이는 풍경이 예술인 레스토랑. 카페 야외 공간도 넓고 해변으로 바로 나갈 수 있어 아이들과 함께 하기에도 좋다.'], [3, '\n팔할이 뷰값이다. '], [5, '파스타']]"
돈내코힐스파리조트,"콘도,리조트",제주특별자치도 서귀포시 돈내코로 180,4.1,https://place.map.kakao.com/22730174#comment,20,"[[3, '1층은 절대 묵지 마세요. 창이커서 밖에서 다 보이는데 커텐이 아니라 블라인드여서 사이사이로 다 보이고 짜증만 납니다. 화장실은 너무 어둡고 침침합니다. 수전은 다 녹슬었고 구식인데다 역한 하수도 냄새가 올라오는데 괜히 방향제를 두셨겠습니까 대대적인 개선이 필요해보입니다. '], [3, ''], [5, ''], [5, ''], [5, '깨끗하고 한라산 등반 후 스파하면서 쉬기 좋습니다 ! \n음.. 단점은 스파 후 나른해지면서 편해서 나가기 싫어진다는거 ? ㅠ.ㅠ '], [3, '스파없는 디럭스 5박 이용함. \n장점, 서귀포에서 다소 떨어진 곳이라 주변이 한적하고 조용함. 공기 좋음. 깔끔한 내부, 화장실 좋음. 한라산 등반 기타 제주 여러 곳으로 접근하기는 최적임. 관리자 분들 3 분 정도 대면했는데 모두 친절하심. \n단점으로는 1층이라 커텐을 쳐놔야 외부로부터 프라이버시를 지킬 수 있음.  침대로 변하는 쇼파의 스프링이 너무 헐거워서 앉거나 누으면 바닥까지 꺼지는 쿠션감. 가장 안좋은건 층간소음.\n2층 투숙객 1층에서 계단오르내리는 소리와 진동이 고스란히 느껴짐. 침대 머리쪽이 계단이긴 한데 그 정도가 심한 편임. 2층에서 걷는 소리, 목소리까지 잘 느껴짐.'], [4, '가성비 훌륭함'], [5, '비오는날 돈내코힐리조트 모습입니다.테이블에 앉아서 내다보는 풍경 또한 불거리 하나 저장입니다. 깔끙하게 정돈된 내부시설도 굿입나다.'], [5, '안가봄 하지만 좋아보임'], [3, '기본 디럭스 방 이용했는데 인테리어도 괜찮고 주변 소음도 없어서 좋긴해요\n 근데 화장실에서 하수구냄새 너무 심해요ㅠㅠ'], [5, '외관과 달리 실내는 깨끗하고 정결 합니다.\n침구 또한 화이트 칼라로 냄새없이 깨끗 합니다.\n화장실의 수압이 높으며, 청결해요.\n잘 쉬었다가 갑니다.'], [1, '반려동물 가능하다고 해놓고는 개는 되고 고양이는 안된다는게 참 어이가 없네요!!\n지금까지 반려 고양이랑 세번째 제주 여행중이고 두번은 한달이나 있었는데 정말 속상합니다. '], [1, '근처 아무것도 없음. 사장 아들같아 보이는사람이 전화응대하는데 대답은 하지만 장사를 정말 하기싫은말투.. 행동도 마찬가지. 재방문의사 전혀없음.'], [5, '깔끔하고 관리 잘 된 리조트입니다.\n디럭스스파로 업글해주셨고 리조트 가운데 있는 온수풀장에서 비오는 날 쌀쌀한데도 즐겁게 놀 수 있었네요.다시 방문하고 싶은 숙소입니다.'], [4, '디럭스스파룸 기준\n애기있는 집은 침대와 소파를 이렇게 배치하고\n발을 소파쪽으로 두고 셋이서 자면 됩니다\n\n아기는 1박 1만원 추가요금있더라고요\n침구 하나 더 줍니다\n\n서귀포 시내에선 거리가 좀 있지만\n차타고 여기저기 다니기엔 좋은 위치예요'], [4, '괜찮아요 조용한 분위기 속에서 잘 지냈어요 ^^~~'], [5, '스파도 할 수 있고 깔끔하고 여름에 또 오고 싶어요 :)'], [4, '성판악등반을 위해 검색하다보니 조용한곳에 위치하고있어 \n디럭스룸2개를 예약하고 갔는데 스파룸으로 업그레이드 해주셔서 쌓인피로도 풀고\n실내도 청결하고 분위기 짱입니다. \n성판악까지 15분거리라 아침일찍일어나야하는 우리에게는 넘좋은위치에 있답니다\n다음에 다시 찾고싶은 돈내코 스파리조트 입니다'], [5, '아주 만족하게 다녀옴 ! 물론 온수풀장은 넘 늦어서 못들어갔지만ㅋㅋㅋㅋㅋㅋㅋㅋ 분위기 좋고 방 넓고 에어컨 빵빵하고 좋았음. 샤워기도 물 수압 좋음ㅋㅋㅋㅋㅋㅋ 뜨신 물 맞고 있었음ㅋㅋㅋㅋㅋ 다음에 제주가서 서귀포 쪽 가게 되면 여기 또 오고싶음ㅋㅋㅋㅋㅋㅋ'], [4, '온수풀 이용도 좋고. 스파이용 좋음. \n숙소 깨끗. 과한 친절보다 편하게 이용할 수 있게 해 주었음. \n뷰는 가운데 수영장을 보는 구조. \n조식뷔페없고. 바베큐장 없는게 아쉬움. '], [5, '아랫 분, 어떤 점이 불친절 했다는 지 모르겠네요. 다른 곳이랑 착각한 건 아니신지 모르겠습니다. 현재 방문해 있는데 아주 좋습니다.']]"
서귀포월드컵리조트,"콘도,리조트",제주특별자치도 서귀포시 월드컵로45번길 40,4.6,https://place.map.kakao.com/1434454665#comment,15,"[[5, '깨끗하고. 범섬이 보이는 아름다운 뷰.\n침대방 하나. 온돌방 하나 화장실 두개.\n다시 찾고 싶은 숙소.'], [5, '홈페이지 주소가 잘못 올라와있네여.\nhttp://www.worldcupresort.kr/'], [5, ''], [5, '전에 리조트에서 2박3일 지내는 동안 친절하고 고마웠던 직원이 있어서 칭찬하고자 합니다.\n고,세만 ! 그 이름 듣기만 하여도 흐믓하다\n세,상에 이런 사람들만 있다면 얼마나 좋을까\n만,약에 우수 사원 표창이 있다면 바로 이 사람 고세만입니다~\n\n잠깐,,, 이름을 거꾸로 해보면 ?\n만세 go ~~~ ㅎㅎ\n\n오늘도 내일도 좋은 날 되세요~'], [1, '방음 전혀 안되네요 뜬눈으로 밤을 지세웠어요\n바닥 협탁 물티슈로 닦아보니 노랗게 물들었고\n바닥에까는 이불도 매우 얇고 딱딱 ㅠㅠ \n조식 만원 추가해서 먹었는데 동네 오천원 한식 뷔페보다 별로네요'], [4, ''], [5, '이제는 SSG 야구단!! 전지훈련가서도 힘내세요!!'], [4, '시설이 깔끔하고 오션뷰는 범섬이 쫙 보이고 무엇보다 방이 훤한게 좋음. \n\n외진데있어서 조용함. 1층에 지에스 있고 근방에 도보로 이마트와 월드컵 경기장, 서귀포 식당들 많음 \n\n2프로 부족한 느낌이 있지만 하루이틀 자는데는 괜찮\n'], [5, '새로리모델링해서 너무 깨끗하고좋아요.서귀포 숙소 추천합니다.ㄱ'], [5, '이번에 재방문 했는데 리모델링해서 시설도 더 깔끔해지고 더 쾌적해진거 같네요.'], [5, '최근에 리모델링 했다하여 이용했는데 객실 너무 쾌적하게 변했고 전망도 바로 앞 바다가 보여 너무 좋았어요. 위치도 너무 맘에 들어요. 숙소에 나와 바로 앞에 이마트와 식당들이 많아 편하고 좋았습니다. 잘 이용하고 갑니다 ^^'], [5, ''], [5, '객실이나 건물 내부가 깔끔하고 차분한 분위기여서 좋습니다.\n위치도 제주 남부의 중앙에 있어서 동서로 관광다니기에 좋아요.\n직원들도 친절하게 해주셔서 좋은 마음으로 쉬다 왔습니다.'], [5, '깨끗하고 좋은 숙소인것 같습니다 :)\n굿굿!'], [5, '']]"
벨룸리조트,"콘도,리조트",제주특별자치도 서귀포시 516로277번길 45 1층,5.0,https://place.map.kakao.com/1301573963#comment,3,"[[5, '복층로 되어있어 6명이 묵었는데 방3개에 침구 깔끔하고 화장실도 2개 완전 만족합니다.\n아래로 내려가면 수영장도 있어서 애들 놀기도 좋아요 음식 사다가 넓은 식탁에서 6명 가족이\n모두 앉아 먹을수 있어요'], [5, '친구들과 2박3일 펜트하우스\n일단 벨룸에 도착하면 그냥 분위기가\n기분부터 좋아지고\n룸에 들어가면 몸과 마음이 편해지는곳\n\n식사를 할때는 모든메뉴가\n간이 세지않아서  좋고\n화학적 맛이 아닌\n자연으로빚은 달콤한 술 같은맛!!\n\n여기직원분들은\n직원이 아닌  가족으로 착가 할 수도  있습니다\n너무 친절하고 밝고 활기찹니다\n\n대표이사님도 아주 멋지게 생기셨는데\n하는걸보면 시골 이웃집 삼촌같이\n신경써주시네요\n\n너무 즐겁고 편하게 지내다와서\n어제 왔는데\n내일 또 가고싶네요\n\n벨룸 리조트 참 별놈이니다!,'], [5, '독채식 풀빌라식 리조트 인가요? 멋지네요. ^^']]"
더베이제주리조트,"콘도,리조트",제주특별자치도 서귀포시 문필로35번길 46,5.0,https://place.map.kakao.com/21795417#comment,4,"[[5, '시설 깨끗하고 풍경이 좋아 편안하게 머물다 갑니다\n숙소 앞에 얼굴만한 귤이 열리는 나무가 있는데 직접 따볼 수 있게 해주셔서 감사해요~ 두꺼비 위에도 얹어서 한컷!  \n다음에 올때도 여기에 머물거에요ㅋㅋㅋ'], [5, '가족단위 여행에 아주아주 좋은 곳! 정말 만족하며 잘 쉬고 갑니다 :)'], [5, '가성비 넘 좋다 잘 쉬다갑니다 '], [5, '깔끔하고 저렴하고 근처에 산책로도 잘 되어있어요']]"
라온프라이빗타운,"콘도,리조트",제주특별자치도 제주시 한림읍 금능남로 127,3.7,https://place.map.kakao.com/11943770#comment,3,"[[1, '리조트에 일주일간 투숙해서 수건이 더 필요했는데요, 수건 좀 달라고 월요일부터 토욜까지 6번이나 요청하고 메이컵룸도 해달라고 했는데 알겠다고 하시고는 단 한번도 오신적이 없습니다 결국에 수건 직접 빨래하고 말려서 계속 사용했습니다. 제주도 습해서 잘 마르지도 않아서 젖은 수건 계속 사용했네요. \n\n그리고 욕실 특히 전반적으로 더럽길래 혹시나 하는 마음으로 침대 시트를 봤는데 침대 두개 다 노랗게 뭔가 얼룩이&hellip;ㅠㅠ\n\n투숙중에 커뮤니티 시설에는 코로나 확진자도 나와서 수영장, 헬스장, 사우나 딱 한번 이용하고 못 갔구요&hellip;'], [5, '최고의 리조트'], [5, '']]"
오투힐 제주점,"콘도,리조트",제주특별자치도 제주시 구좌읍 해맞이해안로 1590-6 오투힐리조트,4.0,https://place.map.kakao.com/64151218#comment,7,"[[1, '신혼부부에요 \n와이프가 만삭인데\n이불에서 벌레기어다니는거보고  이불못덮고 잤어요'], [5, '친절한 스태프 님들, 정갈하고 맛있는 조식, 넓고 편안한 룸컨티션&hellip; 덕분에 아이들과 함께 너무 편안하고 행복하게 여행했습니다! 다음 번 제주 올 때도 꼭 다시 들릴게요!^^'], [2, '조용하긴한데..샴푸도 채워져 있지 않고 침대도 불편하고.. 명상 요가 하러 가실거 아니면..'], [5, '뷰 너무 좋았어요. 조식 맛집. 깔끔.'], [5, '사회생활로 지친 심신을 위로하러 홀로떠난 제주.\n\n숙소를 알아보던중 최근 리모델링 후 오픈한것과 &quot;삶은 축제다&quot; 라는 슬로건이 맘에들어 예약함.\n생각했던데로 전제적으로 깔끔하고 전 객실에서 바다가 보이는 점이 좋았음.\n숙박하면 조식이 무료로 제공되는데 특별할건 없었지만 정성이 엿보이는 아기자기함이 좋았음.\n특히 평소 아침을 먹지 않아 좀 부담스러울 수 있었지만 항상 죽이 준비되어 있어 부담없이 바다를\n바라보며 아침을 즐겼음ㅋㅋㅋ(개인적으로 홍화씨죽 너무 맛있었음)\n명상 체험도 할 수 있는데 처음 해보는 사람들은 좀 낯설 수 있음(일반적으로 생각하는 명상이 아님 춤고 추고 소리도 지르고 그럼,,,,,,) 근데 계속하면 정신건강에 확실히 좋은거 같음. 기회가 된다면 또\n해봐야 겠음.\n\n서울로 돌아온 지금도 &quot;삶은 축제다&quot; 라는 마음을 가지고 살려고 노력중임!!\n숙소 있는동안 따뜻한 잠자리를 제공해준 침대와 친절한 직원분들게 감사드리며\n더욱 번창하길 기원하겠음~~ 삶은 축제다!!'], [5, '당일 제주 방문했다가 뱅기 놓치는 바람에 표를 못 구해, 예기치 않게 제주에서 하루를 더 묶어야 했음.\n요즘 제주도 사람이 많은지, 뱅기도 그렇고 숙소 구하기도 만만치 않음.\n제주 동쪽은 안 가봐서, 폭풍검색으로 당일예약 어렵게 함.\n오션뷰에 조식까지 10만원이면 괜찮은거 같아서- 전화예약함.\n엄청 친절하려는 노오력이 엿보이는 응대에 괜히 나까지 친절하려 하게 됨.\n여튼, 여긴 풍경 맛집..느므느므 좋았음. 가성비 갑 오브 갑이라 생각됨.\n시간이 좀 더 있었으면, 더 있고 싶었음. 깨끗한 숙소에 조식도 괜찮고-\n아!! 객실에 천연에센셜 오일향이 좋았음.\n나도 사고 싶어 물어봤는데, 블랜딩된거라고 뭐랑 뭐랑 섞어보라고 하시던데...\n난 똥손.\n돌고래도 볼 수 있다고 해서 기대했으나, 돌고래를 못봐서..아쉽\n\n재방 의사 100%\n\n재 오픈한지 얼마 되지 않아서 엄청 직원들이 열심히 하시는거 같아.\n힘되시라고 올림.\n\n저 또 갈께요.'], [5, '오래된 리조트가 이렇게 멋지게 바뀔 수 있다는 것을 배웠습니다. 새로 부수고 새로 짓기 보다 기존의 건물을 보수하고 개선하여 새롭게 업사이클링 하는 것은 우리의 미래와 지구 환경 보호 측면에서도 칭송 받아야 할 행동이라 생각합니다.  오투힐 같은 곳이 계속 많아지기를 기원합니다.']]"
팜밸리리조트,"콘도,리조트",제주특별자치도 서귀포시 중산간서로 193,4.5,https://place.map.kakao.com/11620915#comment,10,"[[5, '다시 가고싶은 곳!!!'], [4, '시설이 노후되어서 화장실 배관에서 물이 새서 아쉬웠어요. 한적하고 프라이빗한건 좋아요'], [5, '가성비 짱 숙소입니다.\n주차장에서 안쪽 숙소까지 짐이동해주셨고,\n온수도 아주 잘 나와서 스파도 만족스럽고,\n물 수압도 완전 좋고\n청결상태 나쁘지않구요.\n숙소가 넓어서 짐가방 펴놓기 좋았어요.\n개별 테라스도 있어서 좋고.\n온풍기 아니고 보일러라서 더 좋아요.\n겨울철엔 방에 개별스파있어서 수영장 사용 못하는거 아쉽지 않았어요.\n사장님 감사합니다. 잘묵다갑니다.'], [5, '여름에 갔었는데 이제후기..ㅎㅎ\n유행지난 방 인테리어가 거슬릴순있겠지만\n탈한국 같은 느낌이에요 ㅋㅋ\n동남아 리조트 느낌 ㅎㅎ\n조용히 태닝하기도 너뮤 좋규\n소독약 뿌려서 그런거 벌레는 못봤어요\n이마트 가까워서 뭐 해먹기도 좋아요 \n사장님도 친절하셔요\n신라 롯데 조선 다가봤는데 이젠 사람많은 특급호텔보단 조용한 이런곳 갈거에요\n재방202020%%'], [5, '전체적으로 관리가 잘되어있고 이국적이며 편안한분위기의 숙소입니다. 메인풀에서 잘놀았습니다. 객실정원에서 바베큐해먹을때 모기를 조심하세요.'], [3, '침실에서 뷰가 너무 이쁘고 야외경관도 잘 관리되어 너무 이뻤습니다. 또 스파하면서 티비도 볼 수 있고 시설도 너무 깔끔해서 좋았습니다.\n그러나 온수가 생각보다 시간이 좀 걸리더라구요.. 그리고 더블침대가 2개 있었는데 하나는 푹신해서 안락하고 좋았으나 하나는 정말 너무 저렴한 침대 같더라구요. 사람이 살짝만 움직여도 침대전체가 흔들리고 돌침대 같은 딱딱함.....'], [3, '장점: 정원 이쁘고 수영장 이쁘고 도로 인접함. 음악이 분위기를 더 좋게 만든\n단점: 정원에 벌레 많고, 어메니티를 적게 주고, 샤워실 방수가 잘 안되있음'], [5, '해외 동남아 온듯한 분위기에 시설 또한 깨끗하고 좋았습니다. 이제껏 펜션 가본곳중 손가락에 꼽을 정도입니다.\n각 방마다 tv는 기본적으로 다 있고요, 제가 묵은방은 사우나, 스파, 야외수영장까지 놀거리가 많습니다.\n아, 스파에도 tv 있습니다.\n저희 딸둘은 펜션 주위가 예쁘다며 사진 찍기 바쁘더라구요. 야외 대형풀장 주위가 상당히 멋집니다.\n비슷비슷한 펜션들보다 이색적인 곳에서 좋은 추억 만들고가서 매우 만족했습니다.\n다음에는 연박으로 하루쯤은 나가지않고 푹 쉬다가고싶네요.\n'], [5, '새소리, 풀냄새, 흙냄새, 겨울냄새\n편안함, 기분좋음\n모든 것이 좋았네요\n(방 사이 정원 간이문 있었음 좋갰어요)\n'], [5, '가족끼리 아늑하게 보내기 정말 좋습니다. \n\n가격은 다른 곳보다 조금 나가지만 그에 맞는 고급환경입니다. \n야외수영장, 동굴, 계곡, 바베큐, 개별 사우나(가장 좋은 방), 개별수영장(방마다 다름), 식물 등.... 팜밸리에서 식물 하나하나까지 정성드려서 심은것같습니다. \n\n동남아 느낌나고 제주도에서 제일 좋은 숙소인것같습니다. \n\n50대 부모님 40대 부모님이랑 오기 좋습니다. \n어머님이 정말 좋아하시네요. ']]"
루시드엠,"콘도,리조트",제주특별자치도 서귀포시 안덕면 사계북로 120,4.1,https://place.map.kakao.com/1427973932#comment,15,"[[5, '객실도 가성비 좋고 조식이 느무느무 맛있어요~ 담에 조식 먹으로 또 가고싶어요~'], [4, '애 때문에 미끄럼틀 있는 방 했는데 그냥 욕탕있는 방이나 산방산 뷰가 더 좋았을 것 같네요ㅠㅠ\n(미끄럼틀은 저녁 8시부터 아침 8시까진 이용 못하기 때문에 사실상 거의 못타게 되더라구요&hellip;)\n방은 그냥저냥 괜찮았고 \n조식이 최고 맘에 듭니다:)'], [5, '대만족 !! 깐깐한 엄마도 가성비 가심비 인정 ! 주인분들 너무 친절하시고 아침도 깔끔해요. 산방산뷰 좋아서 제주오면 여기 또 올거에요'], [1, '스프링침대 ㅜㅜ \n방음취약 ㅠㅠ\n맛난 조식 굿'], [5, '사장님 너무 친절하시고 방도 넓고 깔끔해서 좋아요!! '], [5, '진짜 진짜진짜진짜 친절하시고 뷰좋고 좋아용\n분실물로 연락드렸었는데 찾았으니 걱정마세욥 사장님..!'], [5, '컨디션, 조식, 산방산 전망에 바다 전망까지\n100점 만점입니다 :)\n\n사장님도 친절하시고 정말 최고의 숙소였어요\n\n다만 겨울에는 창이 많아서 쫌 쌀쌀해요\nbut 난방은 빵빵합니다 ~! ㅎㅎ \n\n내년에 또 방문할 예정이에요! 잘 묵다\n갑니다 ~~!! '], [5, '201호 뷰 좋아요!!! 깨끗하고 넓어요\n좀 낡은 느낌은 있어도 깨끗하고 뷰 좋고 욕조도 있구요\n다만 바람 많이 불면 문이 흔들리는 소리가 있었어요\n그래도 잘 묵고 가요~'], [5, '뷰가 진짜 예뻐요~♡\n지금껏 가본 곳 중 수건이 가장 뽀송뽀송\n조식으로 나온 두루치기덮밥 완전 감동~\n담에 가면 또 가고싶어요'], [5, '여름휴가로온 제주도에서 멋진뷰보며 잘 있다온 숙소에요 (필터없는 사진 ㅎ)\n사장님 너무너무 친절하시고 맛집이랑 스노쿨링 할만한 장소 여쭤봤는데 직접 가보셨던 찐맛집 \n직접 수영하러 가시는곳들 추천받아 잘놀았습니다^^\n조식도 나오는데 1층뷰도 끝내줘용  멋진뷰와함께첫째날 짜장밥 둘쨋날 떡국 이였고 맛있게먹고 든든하게 여행할수 있었어요!!\n정말 후회없고 추천합니당\n너무 좋아서 쓴 댓글은 처음이네요 ㅎㅎ'], [5, '202호 배정 받았는데 아침에 일어 났을때 뷰가 넘 이쁘고 산방산 근처 아침 산책하기도 좋았습니다.  사장님께서 넘 친절하시고  근처 맛집도 잘알려 주셔서 입도 즐거웠습니다. 조식도 맛있게 잘먹었습니다.'], [5, '206호방 배정받고 너무 좋아서 다음날도 연장하는 바람에 203에서도 하루 묵었어요. 방 둘다 청소상태가 너무 좋았고 206호는 침대 두개에 테라스있어서 좋았고, 203호는 산이 보이는 뷰가 좋았어요. 참고로 203호에는 라꾸라꾸 하나 더 있어요. '], [1, '재방문은 안할거같아요 진짜 서비스 최악이에요 ^^'], [1, ''], [5, '뷰도 좋고 관광지도 가깝고 조식도 맛있었어요^-^']]"
물뜰에쉼팡리조트,"콘도,리조트",제주특별자치도 제주시 한림읍 귀덕로 73,3.9,https://place.map.kakao.com/25811011#comment,16,"[[5, '쾌적하고 좋아요 ~~ 수영장뷰는 진짜 최고입니다 밝을 때랑 어두울 때 둘 다 너무 멋져요 그리고 먹을 거는 미리 사서 가는게 좋아요 만족했습니다 ~~ '], [1, '옛날에는 괜찮을지 몰라도 지금은 갈만한 숙소아니에요 낡았어요'], [1, '1. 시설 낡음. 곰팡이 냄새 너무 심함\n2. 엘레베이터 없음\n3. 조식 맛없음 (오래된 계란)\n4. 교통 불편, 주변에 아무것도 없어서 음식 다 싸들고 가야함\n5. 물 없음 1층에 정수기 사용해야함\n6. 불친절\n아무리 싼마이여도 너무하네요..재방문 의사 아예 없습니다\n\n그나마 장점은 공기 맑은거랑 밤되면 예쁜 수영장이에요(위생은 별로..)'], [4, '1276회 36:55'], [1, '정말 애들 물놀이 만 원한다면 추천1개드립니다\n취사불가 바베큐 접시까지 준비 \n근처 식당이 없어 저녁먹기위해 많이 나가야함\n컵라면 3개면 뜨거운물 끝\n수영장만 추천 '], [3, '사진빨이네요\n숙소 취사 도구 상태가 별롭니다'], [4, '비오고 바람부는 날에 갔는데 숙소에 들어가니 따뜻해서 좋았어요. 주변도 조용하고 직원분들도 친절했지만 한가지 불편한건 뒷마당으로 들어가서 주차하는 곳이 너무 좁고 위험했어요. 앞마당에 주차해도 충분한데 왜 굳이 뒤로 가야하는지...'], [5, '방문열자마자 놀랐습니다 \n이 가격에 이정도 퀄리티라니..\n너무 깔끔하고 약간 관광지와 멀다는게 흠이지만\n택시로 기본요금이라 갈만하요\n걸어서는 삼십분정도..?\n차있으면 가격대비 정말 추천입니다 '], [5, '도착하자마자 뜨끈뜨끈한 방에 들어가니 너무 좋더라구요. 근데 새벽에는 보일러가 꺼지나봐요..? 날씨가 춥지 않아서 다행이예요ㅎㅎ가격대비\n너무 좋았어요. 가고싶었던 곳들도 30분컷에 넘 잘 지내다왔어요. 고급 숙박시설을 원하시는게 아니라면 강추입니다'], [5, '좋네요'], [5, '5점이 모자람..가격너무 착하고 펜션 진짜 예쁘고 수영장 모닝카약 서비스까지 감탄하고갑니다\n조식 5천원 전복죽에 아메리카노까지 맛도 어중간한 호텔보다 맛있었구요\n이 가격이라면 무조건 또 이용합니다\n심지어 사장님도 착함..'], [5, '수영장도 크고 여름 피서철에도 사람들이 잘 몰라서 한가하게 놀다 왔어요(코로나 전) 가격도 저렴한 편이고 시설은 오래됐지만 깨끗하고 잘 관리된 편입니다 ! ㅎㅎ좋아요'], [4, '수영장이 크고, 풀억세스도 괜찮았는데\n역시 시설은 오래된 리조트라 좀 모텔 같은 느낌을 받았습니다.\n 그래도 싸게 갔으니 가격에는 불만없습니다!!'], [5, '사장님, 사모님, 직원분들 모두 친절하시고 이번 태풍때 숙박했는데 세심한 베려에 감사했네요.\n다음에 또 방문예정입니다.'], [5, '재미있어요!!!'], [5, '방에서 바로 수영장 입수 할수 있는게 정말 신기하고 좋더라고요~ 테라스에 테이블이랑 의자도 장착되어 있는 점도 좋고! 시설 모두 깨끗하고 편안해요~ 수영장에서 투명카약이랑 수상바이크도 재밌게 탔습니다 ㅎㅎ 위치도 애월 근처라서 참 좋고요~ 제주도에서 지내봤던 리조트 중 저는 베스트입니다! ']]"
카이리조트,"콘도,리조트",제주특별자치도 제주시 한림읍 협재2길 10,3.9,https://place.map.kakao.com/19369047#comment,11,"[[1, '흐음... 태어나 처음으로 숙소에서 민증검사를 받아보네요... 입실 할때부터 직원분과의 이야기때문에 기분이 안좋게 입실했네요\n\n장점 : 가성비 숙소\n\n단점 : 청소가 좀 덜 되어있더라구요. 바닥에 머리카락과 이물질, 화장실도 그렇구요. 또 화장실 물 온도 조절이 잘 안됩니다. 찬물 계속나오다가 5분정도 뜨거운물쪽으로 하면 나오다가 또 왔다갔다합니다...\n\n그닥 그렇네요'], [1, '리조트와서 민증검사하긴 처음이네요.\n야놀자로 예약해서 갔는 데, 예약 전에 앱을 통해 전화 와서 본인 여부 확인하더니 개인정보도 반강제로 작성하게 하고, 대응이 너무 불친절하네요.\n\n리조트도 지저분하고 6만원 정도라 그냥 잤는 데,   아침에 온수도 틀면 10분 정도 뒤에 나오고 방음도 안됩니다.\n'], [4, '접근성도 편리하고, 주변에 먹을 것도 많고 깔끔한 숙소.\n\n탁 트인 뷰는 있으나 바다는 거의 안보여서 아쉬웠다'], [5, '좋아요 친절해요'], [4, '낡았음 깨끗함 배드컨디션좋음 방음 안되나 민폐투숙객은 없었음 가성비면으로 추천 뷰는 없음'], [4, '건물이 좀 낡아서 리조트 맞나 싶었지만 안에는 깔끔하고 넓었음. 특히 협재와의 위치가 갑인곳. 바로 앞에 바다라 해수욕하기에 딱이고 근처에 식당이랑 편의점도 다 있어서 여러모로 편리성 있는곳.'], [5, '풀장에서 놀기도 좋고 협제도 가깝고 좋아요^^'], [5, '일단 정말 친절하시구요\n낡아보이지만 근방 다 비슷합니다\n내부는 좀 옛날디자인이지만 객실은 리모델링한건지 나쁘지않아요~\n오히려 그래서 더 편한 느낌 듭니다. 조리도구,전자레인지있어서 편합니다\n방도 넓어요\n특히 호텔 불편해서 싫어하시고 편한 곳 추구하는 분한테 제일 좋은거같아요!\n방음이 잘 안되는 것 같긴 해요 근데 다른 곳도 다 방음 문제 있으니... 뭐 저는 괜찮았습니다 '], [5, '가성비 최고\n숙소 깔끔 좋은 가격\n주변에 맛집 많고\n성수기라 렌트안하고\n택시와 쏘카이용중인데\n바로앞 공영주차장에 있어서 핵 편리\n협재해수욕장걸어서 2분 굿'], [4, '이주변에서 이정도면 좋은 숙소인듯\n숙소 깨끗함'], [5, '시설 서비스 위치 모두 최고예요\n여기서 머물다 해녀와초가집이란 민박 갔다가 너무너무  불친절 불편 서비스 엉망 비위생적이라 다시 카이로 옮겼네요!\n제주도 다시가면 또 카이로 선택할거예요~~~']]"
블라제리조트,"콘도,리조트",제주특별자치도 서귀포시 표선면 녹산로 274,5.0,https://place.map.kakao.com/12341327#comment,2,"[[5, '진짜 제주를 느끼고 가네요\n편하게 쉬당 가멘'], [5, '그냥 애들과 쉬기도 너무 좋았고.\n가족끼리 연인끼리 친구끼리 단체로 오기도 너무 조ㅗ을것 같았다~\n회사에서 워크셥으로 30-40명 와도 충분히 좋은 장소!\n강당처럼 쓸수있는 곳이있어 더욱 만족함!\n아이들이 안전하고 맘껏 뛰놀수있음 \n\n근처에는 올레길도 있고 \n성산일출봉 \n우도 섭지코지 등으로 가기도 좋고 \n소금막 해변도 인근에있어 좋았다!']]"
봄그리고가을리조트,"콘도,리조트",제주특별자치도 서귀포시 성산읍 해맞이해안로 2660,4.5,https://place.map.kakao.com/996889508#comment,2,"[[5, '가성비갑'], [4, '나만 알고 싶은 리조트\n3주 살기 중 성산에서 묵은 숙소\n알차게 있을거 다있음 \n가성비 갑!\n더 길게 오고 싶은 곳♡\n\n[룸]\n패밀리트윈 오션뷰 2박했었요\n저희가 짐이  많은데\n방 좁은 느낌 없이 지냈고\n드라이기,  모기향, 에프킬라, 냉장고, 전자렌지 등 있어서 좋았어요~ 특히 전자렌지 있어서 저엉말 편했어요! \n요기 리조트는 무조건 오션뷰로 오세요!\n오션뷰 뷰 완전 최고!!!\n주변에 뷰 맛집들 많던데\n여기서 묵으신다면 굳이 비싼 뷰 맛집들 갈 필요 없으세요!  침대에 편히 누워서 일출 일몰 오션뷰 감상하세요~ 하와이 비싼 리조트 안부러워요ㅋ\n\n\n[수영장]\n수영장 있어서\n아이들이랑 즐겁게 보냈고\n틈틈이 관리자분들이 이물질 제거해주세요~^^\n수영장에 튜브 에어펌프 있어서\n무료로 이용가능하고\n\n튜브랑 구명조끼 유료로 이용가능해요~\n\n\n[기타]\n']]"
메모리아리조트,"콘도,리조트",제주특별자치도 서귀포시 성산읍 일주동로 5199-3,4.0,https://place.map.kakao.com/900435379#comment,12,"[[5, '싼 가격에 넘넘 잘 묵고 갑니다^^\n번창하세요~~'], [5, '가격 좋고, 시설도 좋고.. 굿굿'], [4, '침대가 세상 제일 편합니다. 청결해요. 뷰도 가격대비바다가 잘보이고 만족합니다. 사장님도 친절하세요. 스노클링 장비 오리발 구명조끼 대여해서 2분거리 스팟에서 물고기 구경 잘했어요 ㅎㅎ\n 단점은 아직 건물이 공사중인지 오전엔 공사하는 소리 조금씩 들리고 당구장 노래장 다 폐쇄되서 아쉬워요. 화장실 수압약하고 문사이 틈이 있어서 방에서도 소리가 잘들려요.. 민망합니다 ㅎㅎ\n여튼 잘 쉬다갑니다'], [3, '장점\n침대 굿. 너무 폭신폭신해서 만족. \n당구장 무료로 이용가능. 사전전화 안내 굿.\n\n단점\n아침 8시에 폴킴노래나옴. 공사시작.\n식당? 에서 나오는 노래가 저녁10시까지 들려서 배란다를 열어놓으면 노래가 다들림. 심심하지 않음.\n화장실 쪽 거울 부담스러움. \n\n공사소리는 어쩔수 없지만....천장에 잇는 스피커릉 통해서 들리는 노래소리가 너무 커요  '], [1, '그냥 후회 후회 후회 ㅠㅠ\n이 곳을 선택한 내 손가락을 그냥 ...\n심지어 힘들게 잡은 카카오 개인택시 사장님께 조롱당함. 이런댈 왜 왔냐고 ㅠㅠ'], [5, '진짜 너무 좋아요 다음에 또 가려고요 침대 매트리스 훔쳐오고 싶었어요 진짜 푹신하고 집 침대 매트리스 바꾸려고요 여태까지 잔 잠은 잠이 아니였어요.. 뜨거운 물도 잘 나오고 화장실 사방이 온통 거울인게 신기했지만 좋았어요 \n직원분들도 너무 친절하고 제가 갔을 때는 조금 쌀쌀해서 수영장을 못 사용해봤지만 맨날 물 가시는 것 같더라고요! 깨끗해요! 숙소 앞 산책로도 좋고 노래방도 있고 편의점도 11시까지지만 있고 그냥 다 좋아요.... 제발 가주세요....'], [5, '우리 딸이 , 침대가 넓다면서 정말*2 좋아합니다~^-^\n바로 앞에 바다산책로도 있구요, 편의점도 있구요,\n그리고 맛있는 무한리필집도 있어서 푹쉬다가 갑니다\n다음에도 꼭 올께요!\n'], [5, '침대가 푹신푹신 합니다♡♡♡♡\n안깨고 아침 까지 쭈욱 잤어요^^\n옆에서 판매되고 있는 무한리필집도 참 맛있어요^^*\n직원분들도 친절하시고 1층에서 판매하는 커피도 짱 ♡ 입니다'], [3, '침대가 너무 푹신푹신해요!!! ㅋㅋㅋ\n로비에 있는 커피도 넘 맛있었구 \n객실 내 테이블이 있어 시장에서 장 봐온걸로\n편하게 저녁도 잘 먹었어요 \n\n친절하시고 가격대비 짱 좋아서\n재방문 의사 있습니다 ㅎㅎ'], [2, '저렴하고 후기 좋아서 구매함\n보일러 빵빵해서 춥지 않음\n바다앞이고 수영장 있어서 여름에 오기 좋을듯 함\n별둘 준 이유는 화장실 하수구 냄새가 심해서 욕실문 잠깐 열어 놓으면 미쳐 버림 \n이거 꼭 고치셔야 할 듯 함!!!\n화장실 추움\n가스렌지 전자렌지 냉장고 드라이기 있음\n\n꺼멍도새기 고기 맛남 \n네판 밖에 못 먹어서 아쉬움'], [5, '객실이 너무 깔끔하고 바다전망이라서 투숙 내내 숙소에만 있었던거 같아요.\n\n리조트 바로 앞에 바다를 볼 수 있는 산책로는 너무 환상이에요.\n\n꺼멍도새기 식당도 너무 괜찮아서 2박 동안 2번 이용했어요^^;;'], [5, '쿠팡을 통해 5월21일 화요일에 이용\n평일에 방문으로 3만3천원에 오션뷰인\n3층 객실로 업그레이드^^\n몇가지 문제점은 전혀 문제가 안되는 가성비 갑\n현지인들이 사는 조용한 동네에 바다는 덤^^\n특히 시설내에 있는 고깃집 꺼멍도새기는\n혼자이용도 가능해서 19900원에 한라산소주\n한병..총 2만4천원에 즐기는 저녁식사..매우만족']]"
씨오르리조트,"콘도,리조트",제주특별자치도 서귀포시 이어도로 989,4.5,https://place.map.kakao.com/209932546#comment,12,"[[5, '이 근처 법환포구에서 소라와 소주한잔...\n그리고 돌고래까지 보고...최고의 시간이었죠.'], [1, '바다뷰도 좋고 리모델링도 좋아요 다 좋은데 층간소음 방음이 전혀 안되고 시끄러워요 방 잘못 걸리면 시끄럽게 구는 사람들 쿵쿵쿵 울리는 소리 때문에 잠을 못잠 위에서 헤어드라이기 쓰는 소리까지 다 들립니다 방음이 정말 최악... '], [5, '급하게 예약했는데 \n오션뷰에 가족들과 편히 쉬다 왔어요\n이박 예약하고 숙소 괜찮아서 하루 더 예약했어요\n가족들과 함께 오면 좋은 곳입니다'], [5, '리조트 앞 꼭 나와서 바다뷰 보세요 진짜 너어엉어어어무 이뻐요 사진에 다 담기지 않아서 아쉽\n아 그리고 리조트 도보가능 하영횟집 있는데 여기추천요!! 도보거리라 모두 한라산 한잔 할 수 있고 스끼다시 다양하게 나와요 도민맛집이래요'], [5, '주위 경관 정말 멋지고 가성비 짱짱\n부모님 모시고 다시 오고 싶어요!'], [5, '조용하고 바로 앞에 바다가 보아서 좋았어요!\n외관은 오래 된것같은데 내부는 깨끗하고 좋아요\n차 있는 분들에게 추천해요'], [5, '리모델링 다시 했다더니 정말 깔끔하고 바다뷰가 좋아요^\n\n거기에 직원분들 모두모두 너무 친절하셨습니다^^\n\n11.1일 저녁에 근무하신 직원분은 응급약도 흔쾌히 주시고 ^ 감사했습니딘\n\n담 제주도 씨오르 꼭 올께요^^'], [3, '취사형 한라산뷰 이용했는데 저층이어서 좀 답답했습니다.\n체크인때 여성분 친절했고.체크아웃 때 남성분 무표정 했습니다.\n가격대비 무난했습니다.\n'], [5, '숙소 바로앞에 사철나무처럼 둘러져있는 나무 이름을 모르겠는데 하얀 꽃 향이 넘 좋았습니다. '], [5, '다음에 제주가면 또 가고 싶은\n나만 알고 싶은 숙소!'], [5, '친절+좋은시설'], [5, '정갈하고 너무 방이 괜찮아요  바다가 진심 아름답게 보이네요 아침식사 정식으로 먹는데 진짜로 조아요 식당에서도 바다가 자~~알 보여 밥이 더 맛있게 먹었어요 \n\n']]"
파미유스파리조트,"콘도,리조트",제주특별자치도 서귀포시 이어도로 826-6,4.6,https://place.map.kakao.com/19934000#comment,5,"[[5, '가성비최고네요\n아이들과놀기좋네요'], [5, ''], [5, '키즈룸에 묵었는데 애기 장난감도 있고 미끄럼틀도 있어서 놀기 좋아요 편안하게 딸이랑 있었네요\n월풀도 있구요 방상태도 좋아요\n굿굿~~'], [4, '객실이 깨끗하고 조용하다\n7월초인데 풀장도 미지근한 온수라 애들 놀기 좋음\n마당이 잔디밭이고 수국이 군대군대 피어있어 아름답다\n택시타고 올래시장 편도 7,000원 정도'], [4, '1층 객실에 머물렀는데요 내부는 깔끔한 편이였어요~\n무엇보다도 맘에 들었던건 3살,5살 두 아들이 야외 잔디밭에 있는 놀이기구들과 모래놀이터를 너무 좋아했어요~\n유아와 함께 오시는 분들이라면 한번 오셔도 괜찮을 것 같아요~']]"
엘리시안제주 콘도,"콘도,리조트",제주특별자치도 제주시 애월읍 평화로 1738-116,4.5,https://place.map.kakao.com/12803464#comment,4,"[[5, '콘도 깔끔하고 너무 좋아요\n잘 쉬고 갑니다'], [5, '좋음'], [4, '주차장과 내부까지의 거리가 있어서 오가는게 조금 번거로움 '], [4, '골프 투어.']]"
돌과바람리조트,"콘도,리조트",제주특별자치도 서귀포시 하신상로 166,4.5,https://place.map.kakao.com/22205184#comment,8,"[[5, '조용하고 잘 쉬었다갑니다 아침저녁으로 인근 산책하기 좋았어요 바로 아래 고사리해장국집도 너무 맛잇고요'], [5, '가성비 최고입니다 제주 갈 때마다 들릅니다. 고맙습니다'], [5, '조용하고 깔끔해요 날만 좋으면 바다가 더 잘 보일 것 같아요 디스커버리원 숙소라 선물도 받았어요'], [5, '제주에서 가성비 최고인 깔끔한 숙소'], [5, ' 제주에서 혼자 한달살기를 했는데 숙소 첫 느낌이 밝아서 좋았고요 매일 아침 바다에서 해뜨는걸 볼수 있고 내부도 깨끗해서 지내기에 편하고 좋았습니다 있는동안 여러번 많은 눈이 내렸는데 눈이 귀한 지역에 살다 와서인지 너무 멋진 경험이었습니다'], [5, '침대에 누워서 바다가 보여요\n깨끗해요\n사장님 친절하시고 동네 조용해요\n'], [1, '더러움..직원들이 상전임...서비스 완전구림.'], [5, '연박 4일을 있었네요 \n잘 쉬다갑니다\n깨끗하고 좋았어요 또 머물고 싶은 곳입니다']]"
중문리조트,"콘도,리조트",제주특별자치도 서귀포시 색달로 117,3.8,https://place.map.kakao.com/18059939#comment,10,"[[5, '항상 대화를 하시는 사장님 부부가 멋집니다\n중문초입이라 제주도 여행하기에 딱좋아요 가격도 적당하고요\n즐거운 여행하세요'], [1, '청소가..ㅜㅜ'], [5, '비록 호화롭지는 않지만 심플하면서도 \n부담스럽지 않은 편안한 느낌입니다.\n가족처럼 대해주시는 사장님 부부,\n정말 편안하게 다녀갑니다.\n중문에 위치하여 접근성이 좋아요.\n넓은 주차장,깨끗한 룸 오롯히 조용히 \n가족여행에는 딱이네요.\n가성비 최고입니다.\n특히 사장님의 정성이 담긴 음식솜씨는 \n어설픈 맛집과는 비교 불가입니다.\n이젠 제주여행하게 되면 단골해야겠습니다.'], [5, '가격 굳! 시설 굳! 사장님 도 완전 친절하고 룸 서비스 거의 신라호텔급 서비스 그랜드중문!! 중문색달해변이랑 가까워서 서핑하러 여행오기 완전 좋아요!! '], [5, '친절한 사장님 부부\n너무 좋아요.\n맛있는 조식에 깔끔한 숙소.\n저렴한 가격에 좋은 위치 그리고 넉넉한 주차장까지 최고입니다.'], [3, '카운터 이모님 친절하시고  수압세고 위치도 괜찮았어요~\n스탠다드 패밀리룸...사진보다 좁았고..전기렌지가 깨지고 갈라져있어 사용하기가 겁남...산쪽 방향 뷰는 뒷집 시설하우스만 보임...에어컨 온도를 개별로 조절못해서 불편함...여기까지는 단점.\n'], [2, '가성비 선호기준에 따라 호불호\n온수수압이 짜증수준\n청소서비스 미흡\n에어콘 온도 조절 불가\n소모품 리필 미흡\n총체적으로...\n그래서 저렴한건지?\n'], [4, '가성비굳!\n중심에서 조금벗어나면 좋은곳이많아요'], [3, '괜찮아요']]"
하모니리조트,"콘도,리조트",제주특별자치도 제주시 한림읍 협재로 213,4.3,https://place.map.kakao.com/25685145#comment,16,"[[2, '수영장 물이 차가워서 온수 더 틀어달라고했는데 안된다네요 비도 오고했는데 날씨에 따라 추운 사람도 있는거 아닌가요? 3박했는데 마지막날 수영 끝나고 아이 몸에 두드러기 올라왔어요 체크아웃 할때 가서 바로 얘기하려다 가라앉겠지하고 그냥 왔는데 더 퍼지네요 물관리를 어떻게 하는지 모르겠어요'], [5, '4인 가족이 되니 이젠 호텔은 못가겠더라고요. 비싸기도 하고. 좁기도 하고.. 주인부부가 정성스럽게 가꾼 하모니 리조트에서 호텔에서보다 더 즐거움을 느끼고 갑니다. 온수풀도 따뜻하고. \n세심하게 신경 많이 쓴 리조트이니 안심하고 숙박하세요~^^'], [5, '온수 방음 방크기 뷰 친절 청결\n완벽 그잡채'], [2, '가격만큼의 시설과 서비스였음(방이 워낙 커서 가성비 있음)\n인스타에 하도 추천이 많이떠서 가봤는데 사장님 친절하심 그리고 펜션느낌이며 수영장은 매우 작음 \n그리고 !!!!!!! 방음 최악!!! 윗층 발도끼, 쿵쾅소리 그대로 전달됨.'], [2, '아주머니께선 계속 사과하셨지만 아저씨는 끝까지 사과 한마디 없으셔서 남깁니다. 숙소 측 실수로 현관문이 7시간가량 열려있었음에도 불구하고 어떻게 된 일인지 여쭤보니 처음부터 열려 있었다고 말하신 것부터... 말하다 언성이 높아지니 화를 버럭 내시며 큰소리 치시고 삿대질하시는 모습에 너무 기분이 상했습니다. 자칫 큰 사고로 이어질 수 있었던 어이없는 기초실수도 실수지만 손님에게 삿대질이라니... 정말 싸우실 것같아서 무서웠습니다. 그 일 전까진 숙소 관리도 잘 하시고 청결해서 좋았는데 여행 마지막 날에 너무 기분 나쁜 일을 겪어 안좋은 여행이 되어버렸네요.. 그래도 아주머니께서 연신 사과하셔서 별 하나 남기려다 두개 남깁니다.\n'], [5, '방이 넓고 쾌적함. 수영장은 별루'], [5, '깨끗하고 편안했습니다!! 리조트 풍경도 좋아요~'], [5, '방이 넓어서 좋았고 너무 깨끗했어요. 손님마다 시트 다 갈고 화장실 앞에 발매트까지 매일 바꾸시는거 같아요. (아침에 나올때 방앞에 새 시트셋트가 놓여있었음) 침대가 푹신한 맛은 없지만.. 밤에 풀벌레 소리는 들리는데 방에 벌레 없어서 좋았어요. 만족'], [5, '다음번에 놀러갈때도 꼭 다시 방문하고 싶은 리조트\n정말 청결하고 좋았어요!'], [5, ''], [4, '깔끔하게 관리중인 곳으로 수영장이 있다보니 아이들이 대만족인 곳입니다'], [5, '주인 분 무지 친절하셔요!\n고기 굽는 방법까지 알려주셨습니다.\n수영장 만족(밤에도 이뻐요), 산책로 만족, 방 컨디션 만족, 가격 만족.\n100점 만점에 100점입니다.\n방에서 보는 뷰도 최고였습니다.(사진은 방에서 보는 뷰)'], [5, ''], [4, '친절하고 가격대비 방도 좋고 위치도 주차도 수압도 좋은곳입니다~ 부족함이 전혀없는곳 재방문의사 있어요\n별을 하나 뺀건 완전 새 건물은 아니라는거라서요그치만 깔끔하고 아주 만족스럽습니다 기본기설(에어컨 티비 등)은 새것으로 교체되어있네요~ 추천합니다!'], [5, '가격 대비 좋음 뷰 예쁨 방도 되게 큼 '], [5, '깨끗 하고  이국적인  정원이  아름답다']]"
두빛나래리조트,"콘도,리조트",제주특별자치도 서귀포시 안덕면 사계북로 109,4.7,https://place.map.kakao.com/27393070#comment,6,"[[5, '가성비 갑.. 그리고 뒷마당에 생각하지도 못한 핑크뮬리가?? 깨끗하고 넓고 적당한 가격에 조경도 잘해놓으심. 고양이도 너무 귀여워요. '], [5, '가성비로 만점입니다. 이 가격에 주방시설도 있고 테라스도 있고 방도 화장실도 깨끗하고.. 가격대비 만족했어요. 테라스 이중창이라 소음도 일절없고 송악산과 형제섬이 보이는 조용한곳이라 잠 잘 잤습니다. 침대옆에 협탁이 있었으면 좋겠고 주방에 가위랑 병따개가 있음 더 좋을거 같아요. 욕실은 바디워시랑 샴푸, 비누, 치약만 있으니 참고하세요.\n사진의 복층계단은 이제 사용하지 않아 막아두셨네요'], [4, '자전거 여행중 들렸습니다\n가성비 좋고 테라스가 있어서 옷 널기도 좋았습니다'], [5, '나무랄데 없음\n삼성 냉장고 소음이 옥의 티\n삼성 기술력 짱게수준\n침대 옆 작은 사이드 테이블 있으면 금상첨화\n주방 냄비 1개 더 후라이팬 칼 필요'], [5, '가성비 좋았고 따뜻하게 잘 다녀왔습니다'], [4, '야xx에서 4만도 안되는 가성비좋게 다녀왔습니다. \n시설 좋고 깔끔하고 주인분들 친절하십니다. 단점은 베게가 1명당 하나씩 두개라는점. 전 베게 두개가 있어야 ㅜ 주차장 넓고 주방시설도 깔끔하고요ㅎㅎ 제가 민페를 끼친게 다리에 모기물린 상처땜에 긁었더니 피가 났는데 이 피가 이불에 묻었다는 ㅜ 주인분 죄송해요 ㅜ']]"
제주바다목장 다이브리조트,"콘도,리조트",제주특별자치도 제주시 한경면 한경해안로 565,4.2,https://place.map.kakao.com/941661099#comment,5,"[[5, '다이빙 과정이 매우 체계적입니다.\n밥도 맛있습니다! '], [1, '전기바이크덕분에 해안도로 사고위험이 \n저긴 도로폭이 좁아서 전기바이크는 민폐인데\n언젠가는 사고날거 라고 걱정스러운...\n돈도좋지만 전기바이크대여는 안하는게'], [5, '전기바이크 탔어요 주변도 너무 이쁘고 직원분들 엄청 친절해서 기분좋게 잘탔어요'], [5, '시설최고 뷰가 진짜 여기가 최고, 다음에 또 올게요!!'], [5, '']]"
더세리리조트,"콘도,리조트",제주특별자치도 서귀포시 법환상로2번길 97-17,4.5,https://place.map.kakao.com/26324386#comment,4,"[[5, '가성비는일단최고\n깨끗하게관리잘된. \n인근 5분걸어가믄 이마트랑 신시가지식당많음\n수영장미끄럼틀 애들놀기최고\n세리월드60프로할인쿠폰줌..\n내년여름 또외야쥐..ㅋ'], [3, '주차장 여유. 주변 식당부족.'], [5, '고민하지말구 꼭방문하세요~\n제주공항 근처  4성급호텔보다 만족스럽습니당!\n수압이 엄청세요 (어느정도냐면 몸이따가울정도ㅎㅎ )\n외부가 조금 오래된감은있으나 내부 진짜청소상태도 좋았구요 방도넓구 침구도편해서 완전푹잤습니당!!\n수건도 락스냄새안나구 깨끗한느낌이였어효 ^-^\n퇴실할때 사장님? 미소로 인사해주셨고 만족스럽습니다\n카트가잼있어요 2일연속탔습니다ㅎㅎ '], [5, '가족 단위로 제주 힐링을 위한 최적의 베이스캠프 입니다. \n(교통편) \n제주공항에서 서귀포 월드컵경기장까지 공항버스로 이동하면 바로 코앞에 위치해 있어서 접근이 아주 용이하네요. \n제주내 이동은 여기서 제공해 주시는 렌트카를 이용하면 가격도 아주 저렴합니다. \n(숙박편)\n3~4인 가족이 함께 묵을 수 있는 편안한 공간에 조식도 제공되어서 아침에 차분히 하루를 준비할 수 있고 주변의 맛집 정보가 풍부 하시더라구요. \n(시설편)\n수영장, 카트레이싱, 미로찾기, 승마체험 등 아담하고 충분히 시간적인 여유를 가지고 한 곳에서 즐길 수 있는 규모로 다양한 시설이 갖춰져 있어서 무척 편리했습니다. \n너무너무 신나서 초딩생 조카가 밖으로 나갈 생각을 안하네요. ']]"
콤마앤리조트,"콘도,리조트",제주특별자치도 서귀포시 안덕면 사계중앙로3번길 22,4.9,https://place.map.kakao.com/24924966#comment,7,"[[5, '방도 깨끗하고 편히 묵었어요 ㅎㅎ 뷰가 너무 좋고 조용해서 또 가고 싶어요 ㅠㅡㅠ'], [5, '정말 깨끗해요!'], [5, '완전 좋음 ㅜㅜ 다 완벽한데 단점은 가는길에 가로등이 없다는거 그것뿐 나머지는 갓벽★'], [5, '깨끗하구 산방산 주변 경치 너무 좋네요\n스파 하구 나면 방에 습기 잘 안빠져요ㅠ\n그래도 깨끗하구 관리 잘 되어 있어요\n문 열어놓으면 공기도 풍경도 넘 좋았어요~'], [5, ''], [4, '22개월 아이와 함께했습니다 다솜방 욕조가 물놀이하기 최고였어요 깨끗합니다 건식화장실도 아이 씻기기 편하고 좋아요\n방바닥도 따듯합니다\n\n식탁이 작고 의자가 높아서 아이와 함께 먹기는 불편해요\n처음들어갈때 스파로 인해 습한냄새가 조금납니다 불편한정도는 아니에요 다음에올때 또 이용하겠습니다'], [5, '']]"
샤모니리조트,"콘도,리조트",제주특별자치도 서귀포시 중산간서로 68,4.4,https://place.map.kakao.com/22625773#comment,5,"[[5, '숙소 뷰가 정말 좋더라구요 &hellip;!\n덕분에 강당도 잘 이용하고 편히 이용하다 와요!\n뷰 진짜 최고 .. ෆ⃛ '], [5, '너무 저렴해서 기대도 안했는데 직원분 짱 친절하시고 방이 커요 깨끗해요 리모컨도 깨끗함 경치가 너무 좋아요 재방문 의사 무조건 있어요~^^'], [5, ''], [2, '조식이랑 풍경좋지만 교통이 너무 불편해요 차없으면 힘듬ㅜㅜ'], [5, '매우 친절하시고, 호텔급은 아니지만 깔끔하다.조용히 쉴수있다.조식은 예약필수(대신 가까운곳에 맛집이 많다. 삼겹살,해장국). 건물뒤쪽 풍경이 인상적이다.']]"
해밀리조트,"콘도,리조트",제주특별자치도 제주시 애월읍 광상로 272 1~3층,5.0,https://place.map.kakao.com/24263132#comment,4,"[[5, '사장님 엄청 친절하시고 방크기가  넓어서 좋아요'], [5, '우선 전망이 너무좋구요 테라스가 있어서 좋은 야경을 볼수있어서 너무 좋았습니다!! 화장실도 깨끗하고 제일 큰 건 사장님이 너무 착하시고 가족같이 생각해주셔서 2박3일동안 너무 좋았습니다ㅠㅠㅠㅠ 제주도오면 항상 여기 이용할 예정입니다'], [5, '친구 셋이 2박3일 묵었구여\n너무너무 만족하다 갑니다 방도 굉장히 청결했고\n테라스가 있어서 경치보면서 맥주한잔하기도 좋고\n바베큐장도 시설이 좋아서 만족스러웠습니다\n그리고 무엇보다 사장님이 엄청 친절하십니다\n제주도 오면 무조건 재방문 예정입니다'], [5, '최고의 뷰 &amp; 휴식카페']]"
오션갤러리 호텔앤리조트,"콘도,리조트",제주특별자치도 서귀포시 성산읍 환해장성로 231,3.7,https://place.map.kakao.com/170246594#comment,3,"[[5, ''], [1, '새로 지은 리조트로 최고의 시설을 자랑한다. 분양을 위해 지었다가 리조트로 용도변경을 해서인지, 리조트에 세탁기, 건조기 등 살림살이가 다 갖춰져 있다. 하지만  인덕션레인지를 못 써 브루스타를 써야하는 등 시설에 비해 갖춰진 살림살이는 아직 미비한 수준.\n하지만 좋은 뷰와 넉넉한 거실 공간은 방문객의 마음을 사로잡는다. 다만 단점이라면 주변에 편의시설이 없다는 점. 리조트 내부에도 갖춰진 시설이 아직 하나도 없다.\n★★ 특히 41평형 리조트에 숙박 기준인원이 2명. 사람이 추가될때마다 1인 1박에 5만 원씩을 추가로 받는다.\n사전에는 그런 얘기 전혀 없었다가 제주도 도착한 뒤 문자 메시지로 관련 내용을 받았다.\n침대도 4개고, 분명히 4인용이라고 소개해놓고, 꼼수로 숙박비를 더 받는 것 같아 기분이 씁쓸했다.\n이정도 리조트에 숙박할 수준이면 대부분 돈이 부족한 사람들은 아닐테고, 오히려 눈앞의 이익보다는 좋은 평판을 얻는게 장기적으로 더 낫지 않을까 싶다.\n마지막 1박은 해비치에서 했는데, 차라리 3박을 해비치에서 할껄 하는 후회가 들었다.'], [5, '깔끔하고 럭셔리한 공간입니다.\n예쁜 제주 바다 잘 보고 갑니다.\n조만간 다시 올 수 있도록...']]"
오크라리조트,"콘도,리조트",제주특별자치도 서귀포시 표선면 번영로 3189,5.0,https://place.map.kakao.com/1825465831#comment,1,"[[5, '오픈한지 1년정도라 모든 시설이 최신이네요..침대,주방,욕실 등 호텔급에요..리조트내 조경이 영화 바람과 함께 사라지다의 타라같네요. 곳곳에 팬더 너무 이쁘네요..특히나 사장님은 돈을 버실 생각이 없으신가 봐요 ㅋㅋ. 암튼 강추입니다. 잘쉬다 갑니다']]"
캐슬렉스제주골프클럽 골프텔,"콘도,리조트",제주특별자치도 서귀포시 안덕면 평화로 1241,5.0,https://place.map.kakao.com/25510680#comment,1,"[[5, '소머리국밥이 맛있었습니다']]"
제주애월리조트,"콘도,리조트",제주특별자치도 제주시 애월읍 광령평화2길 116-20,4.0,https://place.map.kakao.com/354915517#comment,1,"[[4, '가을끝자락에 옴\n방바닥 엄청따뜻\n예약자가 우리팀이 다라서 큰방으로 업글해주심\n방도크고 우리밖에 없어서 넘 조용해서 무섭긴햇으나 방뜨거워서넘좋고 최고 우리가 다 빌림 으하하']]"
나르샤리조트,"콘도,리조트",제주특별자치도 서귀포시 안덕면 사계북로 52,4.7,https://place.map.kakao.com/26618302#comment,7,"[[4, '뚜벅이는 힘들어요!!\n산방산 뷰는 최고예요..'], [5, ''], [5, '누워서 산방산을 볼수 있는 뷰가 좋습니다. 가성비가 좋고, 숙소가 깨끗합니다. 내부에 필요한 집기는 갖추고 있으며, 위치도 나무랄데 없고 편리한 주차, 화장실, 복도 등 깔끔하고 깨끗하여 잘 쉬다 왔습니다'], [4, '복층이라 아이들이 좋아했어요\n싱글침대 셋이라 편하게 잘 잤구요\n침구 추가해서 아래층에서도 잘 잤어요\n산방산 뷰 정말 좋았고 깨끗했어요\n전반적으로 만족했으나\n아쉽게도 욕실과 주방에서 하수구 냄새가 나더라구요 ㅠㅜ\n그래서 별점 하나 뺐습니다\n감사합니다'], [5, '사장님 너무 친절하시구 뷰가 멋진 아늑한 숙소에서 너무 잘쉬었어요~! 행복한 제주여행이 되게 해주셔서 감사합니다&hearts;︎  '], [5, '이 가격에 이 정도의 숙소라면 아주 만족스럽네요.\n각종 취사도구나 세면도구 완비되어 있고 전자렌지랑\n전기밥솥도 있습니다. 시설도 깨끗하고 주변에 산방산이 바로 보이는 뷰도 멋있습니다 '], [5, '깨끗하고 친절하시고 창밖으로 보이는 풍경도 너무 이쁘고 좋아요 리조트곳곳에 아기자기하게 꾸며져 있는것도 귀여워요']]"
브릭216,"콘도,리조트",제주특별자치도 서귀포시 이어도로 216,4.8,https://place.map.kakao.com/27356496#comment,16,"[[5, '싼 가격에 좋은 위치 이런 숙박시설 없다 인지용~ 나갈래~~'], [5, '정말 가성비 뛰어난 훌륭한 숙소입니다. \n배튼개 정류장이 바로 앞이라 공항에서 대중교통으로 접근성도 좋고, 청결하고, 친절할 뿐 아니라 조식까지 제공해 주셨습니다. 방에서 보이는 오션뷰는 환상이고 저절로 힐링되는 느낌입니다. 프론트에 계신분도 너무 친절히 모든 질문에 답해 주셨고요. 펜션 뒷쪽으로 5분 걸어가면 바닷가로 걸어갈수도 있습니다. 다음에 재 방문의사 충분하고 지인들에게 추천하려 합니다. '], [5, '저렴 깨끗 전망 굳 완벽해요~^^'], [5, '조용하고, 전망 좋고, 깔끔합니다.'], [5, '약간 민박느낌도 나고 조용하니 좋았습니다. '], [4, '주인분이 직접 관리 하는 숙소라 좋았어요 가격대비 조식도 신경쓰고 방도 화장실도 깔끔하네요 '], [5, '4박5일동안 편하게 푹 쉬었어요~^^'], [5, '건물도 새로 지은거 같이 되게 청결하고 방 상태도 너무 좋아요 게다가 바다도 잘 보여서 좋네요.\n다음번에 온다면 또 묵고 싶은 숙소에요.\n조식도 간단하게 샌드위치처럼 만들어 먹을 수 있는데 맛있어요!'], [5, '4박일정으로 잘쉬고갑니다. 가족 끼리 운영하고있는 조용하고 깔끔한 가성비 최고의 숙소입니다. 간단한 토스트와 커피까지 5천원 으로 조식해결도좋았습니다. '], [5, '호텔급 리조트네요. 정말 깔끔하고 뷰가 너무 좋고, 조식도 나무랄데가 없어 아~~ 주 만족했습니다.'], [3, '시설은 깨끗하고 조용하긴한데 방안에 꿈꿈한 냄새나고...말똥냄새도 넘 심해요..ㅠ'], [5, '브릭216 정말 좋은 곳이었어요~ \n창밖으로 보이는 뷰도 넘 좋았구요 깨끗하고 조용한 객실 이번 여행의 최고의 휴식처 였어요~\n빠듯한 일정에 피곤하고 힘들었었는데 집에 온것 처럼 편안했어요~ ^^\n지금도 그날의 창밖 풍경과 깨끗했던 침구 적당한 크기의 넓은 방, 사진엔 보이지 않지만 2박 3일내내 아침, 저녁으로 풀밭을 다니며 풀을 뜯던 말 3마리도 그립네요~^^\n눈뜨면 젤 먼저 말 3마리를 찾으며 애들과 한참을 멍하니 있던 아침도 그립구요~\n간단하게 나오는 조식도 넘 잘 먹었습니다.\n덕분에 힐링하고 왔습니다.  브릭216은 꼭 다시 가보고픈 곳입니다 ^^'], [5, '깨끗한 침구\n조용한 주변..시끄러운 거 싫어하시는 분 추천.\n길 옆인데도 조용했음...\n방에서 보는 풍경 좋음.\n무난한 조식..\n가성비 좋음..\n버스정류장 근처라 접근성 좋음'], [5, '여기 아주 좋아여 풍경도 좋고 깨끗합니다.  아침에 새 소리로 잠이깨게 됩니다. 최고입니다.\n다음에 제주오면 여기서 묵을렵니다.'], [5, '이틀 묵었는데 친절하고 조용한 숙소입니다!']]"
바다스케치,"콘도,리조트",제주특별자치도 서귀포시 안덕면 사계남로216번길 52,5.0,https://place.map.kakao.com/10409257#comment,2,"[[5, '사방이 그림입니다!\n'], [5, '11월3일 토요일 숙박, 6명이 라이딩\n\n  - 산방산 오르막에 위치\n  - 전망 바다가 한눈에 내려다 보임\n  - 펜션건물을 아주 예쁘게 지었음, \n    내부 인테리어도 주인의 예술적 감각과 \n    정성어린 손길을 느낄 수 있음\n  - 정원도 예쁘고 넓은 잔디받이 마음에 들음\n  - 주인이 숯불을 피워주셔서 마트에서 사온 흑돼지를\n    정말 맛있게 바베큐로 먹었습니다\n  - 숙소가 깨끗하게 잘 관리되고 있음\n  - 가격 대비 가성비가 넘치는 펜션임\n\n마지막으로 주인의 친절함 속에서 따뜻한 마음을 느낄 수 \n있었음, 다시 가고싶은 숙소임\n']]"
훈데르트힐즈,"콘도,리조트",제주특별자치도 제주시 우도면 우도해안길 32-24,5.0,https://place.map.kakao.com/603194690#comment,2,"[[5, '여기 2층 레스토랑 맛, 가성비 최고'], [5, '객실 컨디션 최상이고, 무엇보다 뷰가 끝내줍니다. ']]"
스프링힐,"콘도,리조트",제주특별자치도 서귀포시 천제연로 292,4.8,https://place.map.kakao.com/25611771#comment,4,"[[5, '가성비 최고 , 동남아 느낌의 정원'], [5, '정원, 조경이 끝내주는 곳입니다. 하루이틀 가꿔진 나무들이 아니에요. 규모도 어마어마합니다. ㅡ.ㅡ 사진보고 다들 동남아 리조트 같다고 하네요. ㅎㅎ 숙소 시설은 연륜이 느껴지지만, 불편한 것은 없었습니다. 잘 관리되고 있는 곳이구요. 어마어마한 조경은 대체... 사장님한테 왜 여기서 이러시냐고 한번 물어보고 싶었어요. ㅋㅋ 나무 구경만해도 본전 이상 충분히 뽑는 곳입니다.'], [4, '바람부는 가을 정원이 아름다운곳\n2층으로 가세요'], [5, '']]"
스완지리조트,"콘도,리조트",제주특별자치도 제주시 서해안로 84,4.3,https://place.map.kakao.com/20126697#comment,11,"[[5, '숙소 예약했는데 갑자기 다음날 전화오더니\n예약시스템 오류로 이미 풀방이라고 취소해준다고 해서\n아쉬운대로 다른 방 보려고 했는데\n방값을 그새 올리셨네요ㅎㅎㅎ'], [2, '비행기활주로 소리 은근히 거슬리네요....숙소는 그저그렇네요'], [5, '처음으로 리뷰를 남깁니다.\n\n1년에 한두번 제주도를 다녀오는데\n어느때부터 숙소를 스완지로 정하게 됩니다.\n\n한번도 아쉬움이 없었고\n공항과 가깝고 바다조망, 주변 카페, 좋은식당\n등 지리적으로도 좋지만\n계속 찾게 되는 이유는\n친절하신 사장님과 깨끗한 내부환경인것 같습니다.\n\n와이프, 아이들도 이젠 \n제주도 오면 당연히 스완지에서 잔다고\n생각하더라구요.\n\n가끔 가지만 반갑게  맞이해주시는\n사장님께 다시한번 감사인사 드립니다.\n\n'], [5, '여기 상당히 친절'], [5, '그동안 제주도 여행 하면서 이렇게  친절한 사장님은 처음이에요 딸이 혼자 여행한다고 해서 내심 걱정했는데 ~ 사장님이 좋은 방도 해주시고 숙소도 깨끗하고 담부터는 계속 예약하려고 합니다 감사합니다'], [5, '사장님 매우 친절'], [1, '..'], [5, '깨끗하고 바다도 보이고 다 좋지만 사장님이 정말 친절하시더라구요. 우리 부부가 새벽부터 걷느라 체크아웃 시간을 맞추지 못했는데, 기다려주시고 더 다니고싶으면 짐을 보관하고 더 다녀도 된다고하시고, 심지어 오일장이 섰으니 가보자고 하셔서 사장님 차 타고 오일장 구경도 했어요. 여기저기 소문 많이 낼게요. 감사해요~'], [4, ''], [5, '사장님이 너무 친절하세요. 출장오면 항상 예약하고 사용하는데, 가격도 좋고, 방도 깨끗합니다. 방에서 간단한 조리 가능합니다.'], [5, '사장님이 넘 친절하세요~침대방 잡았지만 아기가 있어 바닥에서 잔다니까 요세트 더 주셨어요. 하얗고 깨끗하고 폭신해서 넘 잘 잤습니다~^^']]"
썬비치리조트,"콘도,리조트",제주특별자치도 제주시 서해안로 114,5.0,https://place.map.kakao.com/26946944#comment,1,"[[5, '숙소 상태가 청결하고 취사 주차 다 간편하게 이용할 수 있고 바다랑 가까워서 너무 좋았습니다 사장님도 너무 친절하셔서 잘 쉬다가 갑니다!']]"
고투베드리조트,"콘도,리조트",제주특별자치도 서귀포시 성산읍 서성일로 660,3.9,https://place.map.kakao.com/1862043863#comment,11,"[[5, '고투베드리조트\n성산쪽에 있는 곳인데 저희는 밤에 들어갔는데도 고투베드 간판이 환하게 비치고 있어서 찾기 쉬웠어요 들어가는 입구에 넓은 주차장이 있고 엘리베이터도 있었습니다  저희는 3층 방을 예약했었는데 아침에 일어나서 커튼만 열면 성산일출봉과 우도가 보이는 해돋이를 볼수 있었어요 저는 나가기 구찮아서 전부 객실에서 찍은 사진들입니다 주변 경치가 진짜 환상입니다 드라이기랑 커피포트는 룸에 비치되어있었고 1층에 탕비실에 가면 전자렌지도 비치되어있습니다 복층 구조로 2층에 침대가 있어서 안락하고 편안한 밤을 보낼 수 있고 무엇보다 침구가 너무 부드러웠습니다 그리고 전 사진 찍는걸 좋아해서 예쁜길에 관심이 많은데 고투베드 리조트로 가는길은 너무 예쁜 길이많았습니다 주변에 베니스랜드랑 동물카페도 있었어요'], [4, '가성비 좋아요 숙소 위치가 살짝 아쉽습니다.. 주변에 아무것도 없어요 '], [1, ''], [4, '입지가 좋지 않지만 깨끗하고 관리잘되어있음\n저렴한가격에 비해 룸상태좋음\n창밖 뷰도 좋음'], [1, '직원없이 노부부 두분이 관리하시고 친절하신데 서비스\n개선이 매우 필요해보임, 바베큐는 부루스타 줘놓고 2만원 다 받는건 좀 당황스러웠고 그럼 숯불 아니라고 사전 고지를 해야지 이런 부분은 상당히 별로였습니다. 숙소 컨디션도 최상도 아니고 이 정도 돈으로 주변에 더 괜찮은 숙소도 많은데 딱히 재방문 할 생각은 전혀 들지 않는 숙소였네요. 제주도 자주 가는데 워스트 3안에 들어갈 숙소. 여기랑 숙소앱에 평점 좋은게 많은데 솔직히 기본도 안되는 숙소 같은데 이해가 안갑니다. 바닷가 말고 내륙 숙소 좋아해서 찾아가는데 여기는 내륙이지만 딱히 주변 풍광이 뛰어나게 이쁜것도 아니고 전체적으로 정말 별로였던 숙소입니다. 솔직히 낚인 느낌을 지울수 없네요. 노부부 두분이 친절하다고 하는데 냉정하게 그게 다는 아닙니다. '], [3, '깔끔하고 가성비 괜찮아요 다만 방음이 전혀 안돼요 ㅠㅠ\n옆방 티비소리까지 들려서 잠을 설쳤어요 '], [5, '여기 정말 최고예요 너무 깔끔하고 관리도 잘돼고 친절하세요 후기가 많이 없어서 고민했는데 다음에도 여기서 지내려구요 이 시국에 환기도 철저하시고 너무너무 만족합니다 강추예요!!'], [5, '깔끔합니다 진짜 완전 깔끔해요 ㅠㅠ\n나만 알고싶은 숙소지만 더 유명해지길 바라는...\n그런숙소입니다 ㅠㅠ !!!!!!!'], [5, '사장님인지 직원인지 어르신들 진짜 친절하세요!! 밤산책 잠시 갔다왔는데 너무 좋아요!! 깨끗하고 가상비 젛내여'], [5, '완전좋아요 \n가성비 최고'], [5, '가격 생각하면 정말 좋은 선택입니다. 사장님이 정말 친절하시고 생각보다 부대시설이 있어요. 세탁기, 노래방 등등. 조식 저렴하고 방 상태가 좋아요. 복층은 침실이 위에 있어서 공간이 모자라지 않고 침실에 조그만 창이 있어서 성산일출봉과 바다뷰를 모두 볼 수 있어요. 물론 바다는 조금 멀지만요 ㅎㅎ']]"
제주원리조트,"콘도,리조트",제주특별자치도 서귀포시 성산읍 서성일로 726-33,5.0,https://place.map.kakao.com/21695836#comment,2,"[[5, '조용하고,편안하고,친절하시고 다 좋은데,\n청소상태가 조금 많이 불량합니다~\n관광지 접근성도 좋아요~'], [5, '']]"
제주휴리조트1,"콘도,리조트",제주특별자치도 서귀포시 성산읍 난고로 228,3.5,https://place.map.kakao.com/24119848#comment,2,"[[3, '객실은 깨끗했지만\n너무 외지에 있어요\n\n\n특히 수영장은 너무 더러웠어요\n수영장 빼고\n가성비 감안 별4\n나는 수영장 썻기 때문에 별3'], [4, '복층방에서 잤음. 풍경은 제주도의 평범한 풀밭. 방이랑 시설들이랑 상당히 깨끗했음. 인테리어가  특이한게 있다거나 뭐 그러진 않음. ']]"
오시록헌 PM,"콘도,리조트",제주특별자치도 제주시 한림읍 금능5길 19-3,4.9,https://place.map.kakao.com/2011426786#comment,7,"[[5, '나만 알고 싶은 숙소-★'], [5, '방송타기전에 다녀와서 얼마나 다행인지'], [5, '너무 좋은 숙소. 유명해져서 아쉽긴 하지만 많은 분들이 오셨음 좋겠어요. 그런데 옆집 댕댕이 짖는 소리에 새벽 네다섯시이 강제 기상하게 되네요 ㅎㅎㅎ'], [4, '여행 중 잠시 들러 봤습니다\n나혼자산다^^'], [5, '저도 찾았어요. 나혼자 산다 송승헌 제주도집.'], [5, '송승헌 숙소 나도 찾음 '], [5, '']]"
조이빌리조트,"콘도,리조트",제주특별자치도 제주시 조천읍 와산남길 41,5.0,https://place.map.kakao.com/8063682#comment,5,"[[5, '조이빌은 엄미의 품같이 따듯한 곳 이에요.\n전 이곳에 가면 마치 천국을 보는 것 같아요.\n언제나 그리운 조이빌!\n함덕바닷가도 그립고...'], [5, '여름휴가 진짜 깔끔하고 시설좋은 곳에서 신나게 놀다가 왔어요~'], [5, '숙소가 깔끔해서 맘에들더라구요, 제주도 느낌이 물씬 나고 푹 쉬다가 갈 수 있어서 좋았어요 !'], [5, '딱 보면 제주라는 느낌 팍! 진짜 푹쉬다가갑니다~숙소도 깨끗하고 너무 좋아요'], [5, '제주시 숙소']]"
애월파라다이스,"콘도,리조트",제주특별자치도 제주시 애월읍 하소로 557-10,4.5,https://place.map.kakao.com/9913896#comment,4,"[[3, ''], [5, '뷰가 정말좋고 힐링이 되는 곳이네요\n'], [5, 'ㅋㅋㅋㅋㅋ밑에 리뷰보고 걱정했는데 시골이라 돈사냄새는 정겹게 느껴졌고 정말 산책할곳도 크고 좋았어요 또 이용할 예정 입니다 !!'], [5, '자연환경이 눈부시고, 아름다우며 깨끗해 편안한 휴가를 보낼수 있었습니다^^']]"
사조리조트 제주지점,"콘도,리조트",제주특별자치도 제주시 조천읍 일주동로 1616-7,4.0,https://place.map.kakao.com/8403876#comment,1,"[[4, '가성비 좋아요! 오래되서 낡아서 그렇지\n더럽거나 청소가 안되있다거나 그런건 없어요!\n전기장판,드라이기 대여되서 잘썼어요\n수압도 좋고 따뜻한물도 잘나오고 에어컨도 \n방마다있어서 여름에도 좋을것 같아요']]"
송당송당펜션&리조트,"콘도,리조트",제주특별자치도 제주시 구좌읍 비자림로 1220,4.2,https://place.map.kakao.com/30816269#comment,5,"[[5, '가성비 좋고 너무 친절하신 주인아저씨 덕에 좋은 추억 남기고 갑니다~ 양말이 신발이 고1,2,3 고양이들도 건강하길 ㅎㅎ'], [1, '생각보다 객실이 많았어요. 위치때문에 예약했고 잠만 잘 곳이라 제일 기본방으로 했는데\n방은 깨끗은 한데 방안에 열수있는 창문이 없어서 환기가 하나도 안되고 너무너무 습했어요. 깡시골 할아버지 집 가면 날거같은 그 습한 냄새는 다음날까지도 적응안되고.. 덕분에 아침에 일~~찍 일어나서 체크아웃.... '], [5, '가족들과 함께갔어요. 위치 너무 좋고 어른 7명 아이2명 갔는데 방도 넉넉하고 가격이 너무착하네요. 오래된 건물이지만 관리 잘되어보였고, 옛건물이라 구조가 재밌어서 좋았어요 가성비 최고! 추천해요'], [5, '가격대비 가성비 최고입니다. 깨끗하고 사장님 친절해서 좋습니다! 제주도 동쪽 방면 관광할 때 좋네요. 바로 옆 유채꽃밭 진짜 좋네요^^'], [5, '깨끗하고 넓고 친절하심']]"
블루펄리조트,"콘도,리조트",제주특별자치도 서귀포시 태평로92번길 35,5.0,https://place.map.kakao.com/14583349#comment,2,"[[5, '바다전망굿 사장님서비스굿 친절굿'], [5, '']]"
더시에나리조트 (2023년5월예정),"콘도,리조트",제주특별자치도 서귀포시 강정동 3772-1,5.0,https://place.map.kakao.com/1473619504#comment,2,"[[5, ''], [5, '']]"
제주캐슬마운틴리조트,"콘도,리조트",제주특별자치도 서귀포시 안덕면 산록남로 513-14,5.0,https://place.map.kakao.com/1748908555#comment,1,"[[5, '']]"
인피니티리조트,"콘도,리조트",제주특별자치도 제주시 조천읍 조함해안로 376-9,5.0,https://place.map.kakao.com/1915158888#comment,1,"[[5, '직원분들 다 매우 친절하시고 뷰도 좋음. 무엇보다 침구가 대박임 굉장히 푹신하고 꿀잠 가능. 참고로 투숙객 할인해주는 스쿠버다이빙은 꼭 해보시는 걸 추천 가성비 최고임']]"
벙커호텔앤리조트,"콘도,리조트",제주특별자치도 서귀포시 중산간동로8183번길 16,5.0,https://place.map.kakao.com/1551672902#comment,1,"[[5, '우도숙소를 예약했으나 결항되어 갑자기 당일 급 검색해서 들어온 호텔\n그냥 기대안하고 저렴한가격에 일박만 하자 들어왔는데 기대이상입니다\n침구류 완전 깨끗하고 관리 넘 잘하셨어요\n도착해서 건물 정면이 모텔같아보여서 기대 안했는데 들어와보니 정말 완전 만족이에요\n청결함 만족']]"
벨라비타,"콘도,리조트",제주특별자치도 서귀포시 일주서로 809,5.0,https://place.map.kakao.com/1935009599#comment,1,"[[5, '']]"
함덕리조텔,"콘도,리조트",제주특별자치도 제주시 조천읍 조함해안로 514,5.0,https://place.map.kakao.com/8600814#comment,1,"[[5, '']]"
